student_id,nombre_completo,cedula,correo,facultad_codigo,facultad_nombre,carrera,anio_ingreso,semestre_actual,promedio_general,asistencia_promedio,creditos_aprobados,creditos_reprobados,tasa_reprobacion,avance_carrera,intensidad_academica,estado_academico,riesgo_score,cluster_label,cluster_color,n_materias_cursadas,n_aprobadas,n_reprobadas,tasa_reprobacion_pct,avance_carrera_pct,nivel_riesgo
UTP-0204,Hector Cruz Pimentel,4-872-1924,hector.cruz204@utp.ac.pa,FISC,Facultad de Ingenieria de Sistemas Computacionales,Ingenieria en Sistemas y Computacion,2020,10,70.5,73.2,100,52,0.2756,62.5,3.0,En Riesgo,28.1,En Riesgo,#f39c12,30,25,5,27.6,62.5,Alto
UTP-0267,Pedro Morales Gutierrez,11-186-5065,pedro.morales267@utp.ac.pa,FIEM,Facultad de Ingenieria Mecanica,Ingenieria Mecatronica,2023,4,63.1,68.2,38,23,0.3551,59.38,4.0,En Riesgo,34.7,En Riesgo,#f39c12,16,9,7,35.5,59.4,Alto
UTP-0153,Monica Rivera Alvarado,6-557-1693,monica.rivera153@utp.ac.pa,FIE,Facultad de Ingenieria Electricista,Ingenieria en Telecomunicaciones,2023,5,76.5,76.8,69,8,0.0923,86.25,3.6,Activo,19.8,Alto Rendimiento,#2ecc71,18,17,1,9.2,86.2,Bajo
UTP-0010,Natalia Cruz Torres,9-605-2489,natalia.cruz010@utp.ac.pa,FIE,Facultad de Ingenieria Electricista,Ingenieria en Telecomunicaciones,2024,2,91.9,91.6,29,1,0.0312,90.62,4.0,Activo,7.0,Alto Rendimiento,#2ecc71,8,8,0,3.1,90.6,Bajo
UTP-0234,Eduardo Chavez Aparicio,10-900-4971,eduardo.chavez234@utp.ac.pa,FIEM,Facultad de Ingenieria Mecanica,Ingenieria Mecatronica,2021,8,62.1,63.8,73,42,0.3639,57.03,2.5,En Riesgo,36.9,En Riesgo,#f39c12,20,11,9,36.4,57.0,Alto
UTP-0227,Gabriela Aguilar Flores,12-498-6188,gabriela.aguilar227@utp.ac.pa,FIC,Facultad de Ingenieria Civil,Ingenieria Civil,2020,10,67.7,78.2,95,45,0.3377,59.38,2.2,En Riesgo,29.0,En Riesgo,#f39c12,22,18,4,33.8,59.4,Alto
UTP-0197,Ana Ruiz Torres,9-525-8484,ana.ruiz197@utp.ac.pa,FIEM,Facultad de Ingenieria Mecanica,Ingenieria Mecanica,2024,2,67.2,61.2,21,9,0.2857,65.62,4.0,En Riesgo,33.9,En Riesgo,#f39c12,8,7,1,28.6,65.6,Alto
UTP-0110,Pablo Munoz Sanchez,12-217-4522,pablo.munoz110@utp.ac.pa,FIIA,Facultad de Ingenieria Industrial y Administrativa,Administracion de Empresas Tecnologicas,2023,5,81.0,86.7,62,13,0.1514,77.5,3.4,Activo,16.0,Alto Rendimiento,#2ecc71,17,17,0,15.1,77.5,Bajo
UTP-0006,Francisco Gutierrez Ruiz,11-954-6977,francisco.gutierrez006@utp.ac.pa,FIE,Facultad de Ingenieria Electricista,Ingenieria Electricista,2021,7,87.2,90.0,93,5,0.0494,83.04,2.86,Activo,9.9,Rendimiento Regular,#3498db,20,20,0,4.9,83.0,Medio
UTP-0176,Melissa Vargas Villalba,6-619-9351,melissa.vargas176@utp.ac.pa,FIE,Facultad de Ingenieria Electricista,Ingenieria en Telecomunicaciones,2021,8,68.0,73.2,104,16,0.1224,81.25,2.62,Regular,25.2,Rendimiento Regular,#3498db,21,14,7,12.2,81.2,Medio
UTP-0238,Natalia Pimentel Cardenas,11-187-2791,natalia.pimentel238@utp.ac.pa,FACIN,Facultad de Ciencias Naturales y Exactas,Licenciatura en Fisica Aplicada,2024,1,62.5,63.6,10,5,0.3119,62.5,4.0,En Riesgo,35.5,En Riesgo,#f39c12,4,4,0,31.2,62.5,Alto
UTP-0058,Natalia Ruiz Flores,7-280-9548,natalia.ruiz058@utp.ac.pa,FIEM,Facultad de Ingenieria Mecanica,Ingenieria Mecatronica,2020,10,85.9,93.7,151,7,0.0502,94.38,2.1,Activo,9.1,Rendimiento Regular,#3498db,21,21,0,5.0,94.4,Medio
UTP-0219,Laura Medina Jimenez,8-678-4984,laura.medina219@utp.ac.pa,FIE,Facultad de Ingenieria Electricista,Ingenieria en Telecomunicaciones,2022,6,75.9,68.5,68,24,0.2811,70.83,3.17,En Riesgo,27.7,En Riesgo,#f39c12,19,16,3,28.1,70.8,Alto
UTP-0046,Rafael Munoz Ceballos,8-262-8777,rafael.munoz046@utp.ac.pa,FACIN,Facultad de Ciencias Naturales y Exactas,Licenciatura en Fisica Aplicada,2023,5,97.8,90.9,71,2,0.0303,88.75,3.4,Activo,4.9,Alto Rendimiento,#2ecc71,17,17,0,3.0,88.8,Bajo
UTP-0183,Gabriela Chavez Martinez,5-831-2294,gabriela.chavez183@utp.ac.pa,FIIA,Facultad de Ingenieria Industrial y Administrativa,Administracion de Empresas Tecnologicas,2023,4,79.9,81.8,49,8,0.1386,76.56,4.0,Activo,17.9,Alto Rendimiento,#2ecc71,16,16,0,13.9,76.6,Bajo
UTP-0222,Jose Gutierrez Pimentel,10-773-1539,jose.gutierrez222@utp.ac.pa,FIIA,Facultad de Ingenieria Industrial y Administrativa,Administracion de Empresas Tecnologicas,2022,5,60.3,62.3,49,26,0.2885,61.25,3.4,En Riesgo,36.3,En Riesgo,#f39c12,17,10,7,28.8,61.2,Alto
UTP-0290,Carolina Ceballos Morales,2-573-2669,carolina.ceballos290@utp.ac.pa,FIC,Facultad de Ingenieria Civil,Ingenieria Civil,2023,4,50.3,58.6,16,40,0.7412,25.0,4.0,Suspension Academica,52.9,Riesgo Critico,#e74c3c,16,1,15,74.1,25.0,Critico
UTP-0212,Manuel Castillo Reyes,6-420-7781,manuel.castillo212@utp.ac.pa,FIE,Facultad de Ingenieria Electricista,Ingenieria en Telecomunicaciones,2023,3,60.9,59.9,35,8,0.1476,72.92,4.0,En Riesgo,33.4,En Riesgo,#f39c12,12,6,6,14.8,72.9,Alto
UTP-0149,Patricia Martinez Chavez,4-144-4268,patricia.martinez149@utp.ac.pa,FIC,Facultad de Ingenieria Civil,Ingenieria Civil,2020,10,70.5,87.0,135,20,0.1383,84.38,2.2,Regular,19.8,Rendimiento Regular,#3498db,22,20,2,13.8,84.4,Medio
UTP-0166,Jorge Solis Rodriguez,8-742-9938,jorge.solis166@utp.ac.pa,FIIA,Facultad de Ingenieria Industrial y Administrativa,Administracion de Empresas Tecnologicas,2021,9,79.7,76.8,114,18,0.1105,79.17,2.22,Activo,19.0,Rendimiento Regular,#3498db,20,20,0,11.0,79.2,Medio
UTP-0079,Alejandro Alvarado Aparicio,2-129-4920,alejandro.alvarado079@utp.ac.pa,FIC,Facultad de Ingenieria Civil,Licenciatura en Topografia,2024,1,87.7,86.8,15,0,0.0187,93.75,4.0,Activo,10.0,Alto Rendimiento,#2ecc71,4,4,0,1.9,93.8,Bajo
UTP-0114,Natalia Ramirez Gutierrez,10-331-8030,natalia.ramirez114@utp.ac.pa,FIC,Facultad de Ingenieria Civil,Ingenieria Civil,2022,7,74.2,78.1,94,17,0.1322,83.93,2.86,Regular,21.3,Rendimiento Regular,#3498db,20,17,3,13.2,83.9,Medio
UTP-0250,Francisco Ceballos Caballero,11-606-7703,francisco.ceballos250@utp.ac.pa,FISC,Facultad de Ingenieria de Sistemas Computacionales,Licenciatura en Desarrollo de Software,2021,7,59.2,63.1,88,18,0.1675,78.57,3.71,En Riesgo,33.4,En Riesgo,#f39c12,26,15,11,16.8,78.6,Alto
UTP-0251,Fernando Rodriguez Cruz,5-133-5503,fernando.rodriguez251@utp.ac.pa,FIEM,Facultad de Ingenieria Mecanica,Ingenieria Mecatronica,2021,7,58.4,57.2,78,20,0.2019,69.64,2.71,En Riesgo,36.7,En Riesgo,#f39c12,19,11,8,20.2,69.6,Alto
UTP-0105,Carlos Gutierrez Flores,3-653-5106,carlos.gutierrez105@utp.ac.pa,FIC,Facultad de Ingenieria Civil,Licenciatura en Topografia,2021,9,81.1,87.9,113,22,0.1853,78.47,2.33,Activo,16.4,Rendimiento Regular,#3498db,21,21,0,18.5,78.5,Medio
UTP-0043,Gabriela Rodriguez Martinez,4-586-2193,gabriela.rodriguez043@utp.ac.pa,FIC,Facultad de Ingenieria Civil,Licenciatura en Topografia,2021,7,85.0,91.7,98,5,0.043,87.5,2.86,Activo,10.0,Rendimiento Regular,#3498db,20,20,0,4.3,87.5,Medio
UTP-0282,Adriana Aparicio Diaz,12-659-5016,adriana.aparicio282@utp.ac.pa,FIIA,Facultad de Ingenieria Industrial y Administrativa,Ingenieria Industrial,2023,4,50.7,53.7,24,41,0.5591,37.5,4.0,Suspension Academica,49.9,Riesgo Critico,#e74c3c,16,1,15,55.9,37.5,Critico
UTP-0296,Roberto Espino Pimentel,8-452-9231,roberto.espino296@utp.ac.pa,FIIA,Facultad de Ingenieria Industrial y Administrativa,Ingenieria Industrial,2023,5,60.9,57.8,39,33,0.4569,48.75,3.4,Suspension Academica,41.8,Riesgo Critico,#e74c3c,17,10,7,45.7,48.8,Critico
UTP-0158,Sofia Torres Gonzalez,8-276-8292,sofia.torres158@utp.ac.pa,FIIA,Facultad de Ingenieria Industrial y Administrativa,Administracion de Empresas Tecnologicas,2023,3,65.5,73.9,38,10,0.1883,79.17,4.0,Regular,27.6,En Riesgo,#f39c12,12,7,5,18.8,79.2,Alto
UTP-0239,Fernando Jimenez Romero,7-208-1172,fernando.jimenez239@utp.ac.pa,FIE,Facultad de Ingenieria Electricista,Ingenieria Electricista,2024,1,62.8,76.8,9,4,0.2891,56.25,4.0,En Riesgo,30.2,En Riesgo,#f39c12,4,2,2,28.9,56.2,Alto
UTP-0018,Isabella Gonzalez Caballero,4-385-8953,isabella.gonzalez018@utp.ac.pa,FISC,Facultad de Ingenieria de Sistemas Computacionales,Ingenieria en Sistemas y Computacion,2020,9,88.1,91.3,119,7,0.0584,82.64,3.22,Activo,9.3,Alto Rendimiento,#2ecc71,29,29,0,5.8,82.6,Bajo
UTP-0165,Melissa Cardenas Romero,10-142-1464,melissa.cardenas165@utp.ac.pa,FIIA,Facultad de Ingenieria Industrial y Administrativa,Ingenieria Industrial,2021,9,77.4,77.8,99,33,0.1962,68.75,2.22,Activo,21.7,Rendimiento Regular,#3498db,20,20,0,19.6,68.8,Medio
UTP-0034,Maria Gomez Romero,7-921-5065,maria.gomez034@utp.ac.pa,FIC,Facultad de Ingenieria Civil,Ingenieria Civil,2021,8,88.8,88.3,110,3,0.0274,85.94,2.62,Activo,9.2,Rendimiento Regular,#3498db,21,21,0,2.7,85.9,Medio
UTP-0025,Jose Morales Jimenez,2-683-5033,jose.morales025@utp.ac.pa,FISC,Facultad de Ingenieria de Sistemas Computacionales,Ingenieria en Sistemas y Computacion,2020,10,89.8,100.0,149,0,0.0,93.12,3.0,Activo,4.1,Rendimiento Regular,#3498db,30,30,0,0.0,93.1,Medio
UTP-0216,Pedro Cruz Gonzalez,12-254-1149,pedro.cruz216@utp.ac.pa,FISC,Facultad de Ingenieria de Sistemas Computacionales,Ingenieria en Sistemas y Computacion,2020,10,61.6,46.4,102,43,0.2757,63.75,3.0,En Riesgo,41.0,En Riesgo,#f39c12,30,18,12,27.6,63.8,Alto
UTP-0120,Paola Reyes Torres,5-396-6375,paola.reyes120@utp.ac.pa,FIIA,Facultad de Ingenieria Industrial y Administrativa,Ingenieria Industrial,2020,9,75.6,84.9,115,11,0.0786,79.86,2.22,Activo,17.0,Rendimiento Regular,#3498db,20,19,1,7.9,79.9,Medio
UTP-0008,Andres Martinez Castillo,7-374-2084,andres.martinez008@utp.ac.pa,FACIN,Facultad de Ciencias Naturales y Exactas,Licenciatura en Matematica,2022,5,88.9,94.3,70,0,0.0,87.5,3.4,Activo,6.5,Alto Rendimiento,#2ecc71,17,17,0,0.0,87.5,Bajo
UTP-0091,Carlos Ruiz Chavez,11-659-3588,carlos.ruiz091@utp.ac.pa,FIEM,Facultad de Ingenieria Mecanica,Ingenieria Mecatronica,2023,4,84.2,74.4,45,13,0.1782,70.31,4.0,Activo,19.7,Alto Rendimiento,#2ecc71,16,15,1,17.8,70.3,Bajo
UTP-0047,Daniela Gutierrez Alvarado,2-830-5681,daniela.gutierrez047@utp.ac.pa,FACIN,Facultad de Ciencias Naturales y Exactas,Licenciatura en Fisica Aplicada,2024,2,94.1,89.1,26,1,0.0468,81.25,4.0,Activo,7.4,Alto Rendimiento,#2ecc71,8,8,0,4.7,81.2,Bajo
UTP-0074,Ricardo Rodriguez Perez,4-790-1339,ricardo.rodriguez074@utp.ac.pa,FISC,Facultad de Ingenieria de Sistemas Computacionales,Licenciatura en Desarrollo de Software,2022,7,90.4,100.0,111,0,0.0,99.11,3.71,Activo,3.8,Alto Rendimiento,#2ecc71,26,26,0,0.0,99.1,Bajo
UTP-0094,Andres Diaz Solis,5-794-3240,andres.diaz094@utp.ac.pa,FIE,Facultad de Ingenieria Electricista,Ingenieria Electricista,2024,2,75.1,83.7,25,5,0.1531,78.12,4.0,Activo,19.5,Alto Rendimiento,#2ecc71,8,8,0,15.3,78.1,Bajo
UTP-0077,Eduardo Ortiz Castillo,2-891-7622,eduardo.ortiz077@utp.ac.pa,FIEM,Facultad de Ingenieria Mecanica,Ingenieria Mecanica,2023,3,73.4,87.1,43,4,0.0835,89.58,4.0,Regular,17.2,Alto Rendimiento,#2ecc71,12,11,1,8.4,89.6,Bajo
UTP-0287,Miguel Alvarado Ruiz,6-516-2978,miguel.alvarado287@utp.ac.pa,FIIA,Facultad de Ingenieria Industrial y Administrativa,Ingenieria Industrial,2021,7,44.1,58.3,49,69,0.5244,43.75,2.71,Suspension Academica,50.0,Riesgo Critico,#e74c3c,19,3,16,52.4,43.8,Critico
UTP-0061,Diana Diaz Perez,4-837-7658,diana.diaz061@utp.ac.pa,FIIA,Facultad de Ingenieria Industrial y Administrativa,Administracion de Empresas Tecnologicas,2024,1,93.1,90.6,14,0,0.0079,87.5,4.0,Activo,6.2,Alto Rendimiento,#2ecc71,4,4,0,0.8,87.5,Bajo
UTP-0078,Diego Barrios Medina,10-874-9167,diego.barrios078@utp.ac.pa,FISC,Facultad de Ingenieria de Sistemas Computacionales,Licenciatura en Desarrollo de Software,2023,3,78.1,83.3,41,4,0.0874,85.42,4.0,Activo,16.8,Alto Rendimiento,#2ecc71,12,12,0,8.7,85.4,Bajo
UTP-0064,Sergio Gomez Diaz,4-856-8933,sergio.gomez064@utp.ac.pa,FACIN,Facultad de Ciencias Naturales y Exactas,Licenciatura en Matematica,2022,5,82.4,92.2,66,5,0.0657,82.5,3.4,Activo,11.4,Alto Rendimiento,#2ecc71,17,17,0,6.6,82.5,Bajo
UTP-0235,Diego Villalba Pimentel,3-798-1440,diego.villalba235@utp.ac.pa,FIEM,Facultad de Ingenieria Mecanica,Ingenieria Mecatronica,2020,10,59.5,56.7,134,24,0.1555,83.75,2.1,En Riesgo,35.2,En Riesgo,#f39c12,21,12,9,15.6,83.8,Alto
UTP-0230,Carolina Morales Montenegro,9-273-7237,carolina.morales230@utp.ac.pa,FIEM,Facultad de Ingenieria Mecanica,Ingenieria Mecatronica,2020,10,61.1,73.7,95,45,0.3155,59.38,2.1,En Riesgo,32.6,En Riesgo,#f39c12,21,12,9,31.6,59.4,Alto
UTP-0112,Natalia Torres Ceballos,1-700-6400,natalia.torres112@utp.ac.pa,FIEM,Facultad de Ingenieria Mecanica,Ingenieria Mecanica,2020,9,73.6,88.8,121,15,0.1126,84.03,2.22,Regular,17.3,Rendimiento Regular,#3498db,20,16,4,11.3,84.0,Medio
UTP-0232,Diego Ruiz Sanchez,3-411-1110,diego.ruiz232@utp.ac.pa,FIC,Facultad de Ingenieria Civil,Licenciatura en Topografia,2024,3,66.1,72.7,35,11,0.2552,72.92,4.0,En Riesgo,29.5,En Riesgo,#f39c12,12,11,1,25.5,72.9,Alto
UTP-0181,Ricardo Solis Espino,4-352-5571,ricardo.solis181@utp.ac.pa,FIEM,Facultad de Ingenieria Mecanica,Ingenieria Mecatronica,2024,2,81.2,76.2,25,4,0.1465,78.12,4.0,Activo,19.5,Alto Rendimiento,#2ecc71,8,8,0,14.6,78.1,Bajo
UTP-0145,Daniela Flores Chavez,7-101-6780,daniela.flores145@utp.ac.pa,FIIA,Facultad de Ingenieria Industrial y Administrativa,Ingenieria Industrial,2024,3,75.6,87.3,34,9,0.1951,70.83,4.0,Activo,19.1,Alto Rendimiento,#2ecc71,12,10,2,19.5,70.8,Bajo
UTP-0240,Andrea Ruiz Villalba,12-612-3469,andrea.ruiz240@utp.ac.pa,FACIN,Facultad de Ciencias Naturales y Exactas,Licenciatura en Matematica,2023,4,63.8,65.1,41,14,0.2754,64.06,3.75,En Riesgo,33.6,En Riesgo,#f39c12,15,8,7,27.5,64.1,Alto
UTP-0076,Isabella Castillo Sanchez,3-437-7744,isabella.castillo076@utp.ac.pa,FISC,Facultad de Ingenieria de Sistemas Computacionales,Licenciatura en Desarrollo de Software,2022,6,82.4,83.4,85,5,0.0661,88.54,4.0,Activo,14.5,Alto Rendimiento,#2ecc71,24,23,1,6.6,88.5,Bajo
UTP-0298,Daniela Gutierrez Pimentel,12-157-4594,daniela.gutierrez298@utp.ac.pa,FIC,Facultad de Ingenieria Civil,Ingenieria Civil,2021,9,51.6,62.7,48,110,0.6403,33.33,2.33,Suspension Academica,48.4,Riesgo Critico,#e74c3c,21,4,17,64.0,33.3,Critico
UTP-0279,Jorge Cruz Castillo,4-526-6241,jorge.cruz279@utp.ac.pa,FIC,Facultad de Ingenieria Civil,Ingenieria Civil,2020,10,47.8,54.3,44,91,0.6861,27.5,2.2,Suspension Academica,54.0,Riesgo Critico,#e74c3c,22,2,20,68.6,27.5,Critico
UTP-0098,Ricardo Pimentel Ramirez,8-477-5295,ricardo.pimentel098@utp.ac.pa,FIE,Facultad de Ingenieria Electricista,Ingenieria Electricista,2023,3,74.5,79.5,37,8,0.1625,77.08,4.0,Regular,21.4,Alto Rendimiento,#2ecc71,12,11,1,16.2,77.1,Bajo
UTP-0093,Andrea Gutierrez Garcia,10-985-1803,andrea.gutierrez093@utp.ac.pa,FIE,Facultad de Ingenieria Electricista,Ingenieria en Telecomunicaciones,2022,5,78.0,79.4,69,10,0.1235,86.25,3.6,Activo,19.1,Alto Rendimiento,#2ecc71,18,18,0,12.4,86.2,Bajo
UTP-0193,Paola Rivera Jimenez,11-614-6095,paola.rivera193@utp.ac.pa,FIC,Facultad de Ingenieria Civil,Ingenieria Civil,2020,10,78.2,87.6,145,7,0.0461,90.62,2.2,Activo,14.2,Rendimiento Regular,#3498db,22,22,0,4.6,90.6,Medio
UTP-0026,Diana Castillo Ortiz,4-785-6147,diana.castillo026@utp.ac.pa,FISC,Facultad de Ingenieria de Sistemas Computacionales,Licenciatura en Desarrollo de Software,2024,3,94.1,94.4,41,1,0.031,85.42,4.0,Activo,5.1,Alto Rendimiento,#2ecc71,12,12,0,3.1,85.4,Bajo
UTP-0233,Isabella Munoz Cardenas,3-407-6253,isabella.munoz233@utp.ac.pa,FIIA,Facultad de Ingenieria Industrial y Administrativa,Administracion de Empresas Tecnologicas,2022,6,64.6,58.0,58,36,0.3539,60.42,3.0,En Riesgo,37.7,En Riesgo,#f39c12,18,13,5,35.4,60.4,Alto
UTP-0060,Lucia Castillo Gomez,8-317-6813,lucia.castillo060@utp.ac.pa,FIEM,Facultad de Ingenieria Mecanica,Ingenieria Mecatronica,2022,5,97.3,92.9,68,9,0.1216,85.0,3.6,Activo,6.6,Alto Rendimiento,#2ecc71,18,18,0,12.2,85.0,Bajo
UTP-0007,Miguel Pimentel Morales,3-573-7216,miguel.pimentel007@utp.ac.pa,FACIN,Facultad de Ciencias Naturales y Exactas,Licenciatura en Fisica Aplicada,2020,10,85.5,88.4,130,15,0.084,81.25,2.0,Activo,12.0,Rendimiento Regular,#3498db,20,20,0,8.4,81.2,Medio
UTP-0186,Miguel Moreno Espino,8-766-4267,miguel.moreno186@utp.ac.pa,FACIN,Facultad de Ciencias Naturales y Exactas,Licenciatura en Matematica,2020,10,74.9,80.1,138,14,0.0984,86.25,2.0,Regular,19.5,Rendimiento Regular,#3498db,20,20,0,9.8,86.2,Medio
UTP-0174,Andrea Medina Romero,9-474-3363,andrea.medina174@utp.ac.pa,FIE,Facultad de Ingenieria Electricista,Ingenieria Electricista,2021,7,80.8,73.0,84,16,0.1472,75.0,2.86,Activo,20.8,Rendimiento Regular,#3498db,20,17,3,14.7,75.0,Medio
UTP-0031,Pedro Ortiz Rivera,12-552-8007,pedro.ortiz031@utp.ac.pa,FIE,Facultad de Ingenieria Electricista,Ingenieria Electricista,2020,10,90.5,97.9,146,2,0.0189,91.25,2.2,Activo,5.0,Rendimiento Regular,#3498db,22,22,0,1.9,91.2,Medio
UTP-0023,Carolina Aparicio Flores,4-403-4566,carolina.aparicio023@utp.ac.pa,FIEM,Facultad de Ingenieria Mecanica,Ingenieria Mecatronica,2023,5,89.6,98.0,75,4,0.0508,93.75,3.6,Activo,6.1,Alto Rendimiento,#2ecc71,18,18,0,5.1,93.8,Bajo
UTP-0257,Andrea Aparicio Flores,10-747-5402,andrea.aparicio257@utp.ac.pa,FIC,Facultad de Ingenieria Civil,Licenciatura en Topografia,2021,9,59.9,82.5,90,46,0.3366,62.5,2.33,En Riesgo,30.6,En Riesgo,#f39c12,21,13,8,33.7,62.5,Alto
UTP-0057,Roberto Pimentel Munoz,11-479-2129,roberto.pimentel057@utp.ac.pa,FACIN,Facultad de Ciencias Naturales y Exactas,Licenciatura en Matematica,2024,1,88.8,91.0,14,0,0.0133,87.5,4.0,Activo,8.0,Alto Rendimiento,#2ecc71,4,4,0,1.3,87.5,Bajo
UTP-0187,Fernando Cruz Pimentel,12-840-1611,fernando.cruz187@utp.ac.pa,FIE,Facultad de Ingenieria Electricista,Ingenieria Electricista,2020,10,79.0,80.5,136,18,0.1345,85.0,2.2,Activo,18.6,Rendimiento Regular,#3498db,22,22,0,13.4,85.0,Medio
UTP-0109,Gabriela Gonzalez Torres,5-739-9984,gabriela.gonzalez109@utp.ac.pa,FISC,Facultad de Ingenieria de Sistemas Computacionales,Ingenieria en Sistemas y Computacion,2022,7,72.0,75.7,88,18,0.1779,78.57,3.71,Regular,24.2,Alto Rendimiento,#2ecc71,26,21,5,17.8,78.6,Bajo
UTP-0127,Hector Vargas Gutierrez,10-157-6766,hector.vargas127@utp.ac.pa,FIC,Facultad de Ingenieria Civil,Licenciatura en Topografia,2020,10,88.0,78.2,136,11,0.078,85.0,2.2,Activo,14.4,Rendimiento Regular,#3498db,22,22,0,7.8,85.0,Medio
UTP-0231,Miguel Munoz Gutierrez,7-406-8933,miguel.munoz231@utp.ac.pa,FIE,Facultad de Ingenieria Electricista,Ingenieria en Telecomunicaciones,2021,7,61.2,77.3,87,20,0.1935,77.68,2.86,En Riesgo,28.3,En Riesgo,#f39c12,20,12,8,19.4,77.7,Alto
UTP-0194,Andres Torres Espino,3-565-7121,andres.torres194@utp.ac.pa,FIE,Facultad de Ingenieria Electricista,Ingenieria en Telecomunicaciones,2024,1,82.7,85.0,13,1,0.0992,81.25,4.0,Activo,14.6,Alto Rendimiento,#2ecc71,4,4,0,9.9,81.2,Bajo
UTP-0130,Valeria Martinez Morales,12-548-8199,valeria.martinez130@utp.ac.pa,FIE,Facultad de Ingenieria Electricista,Ingenieria Electricista,2024,3,86.4,88.7,40,4,0.0912,83.33,4.0,Activo,11.7,Alto Rendimiento,#2ecc71,12,12,0,9.1,83.3,Bajo
UTP-0283,Carlos Romero Garcia,11-485-6038,carlos.romero283@utp.ac.pa,FISC,Facultad de Ingenieria de Sistemas Computacionales,Ingenieria en Sistemas y Computacion,2024,2,50.0,76.6,15,13,0.4235,46.88,4.0,En Riesgo,38.8,Riesgo Critico,#e74c3c,8,1,7,42.4,46.9,Critico
UTP-0083,Sergio Espino Herrera,6-665-9903,sergio.espino083@utp.ac.pa,FIIA,Facultad de Ingenieria Industrial y Administrativa,Administracion de Empresas Tecnologicas,2021,8,74.6,79.1,91,31,0.2083,71.09,2.5,Regular,22.7,Rendimiento Regular,#3498db,20,18,2,20.8,71.1,Medio
UTP-0085,Pedro Caballero Villalba,6-990-2644,pedro.caballero085@utp.ac.pa,FIEM,Facultad de Ingenieria Mecanica,Ingenieria Mecanica,2023,3,87.6,89.2,45,2,0.044,93.75,4.0,Activo,9.8,Alto Rendimiento,#2ecc71,12,12,0,4.4,93.8,Bajo
UTP-0067,Sofia Gonzalez Jimenez,8-175-1878,sofia.gonzalez067@utp.ac.pa,FIC,Facultad de Ingenieria Civil,Ingenieria Civil,2022,6,90.3,89.4,79,5,0.0507,82.29,3.17,Activo,8.8,Alto Rendimiento,#2ecc71,19,19,0,5.1,82.3,Bajo
UTP-0289,Laura Morales Herrera,7-625-1802,laura.morales289@utp.ac.pa,FISC,Facultad de Ingenieria de Sistemas Computacionales,Ingenieria en Sistemas y Computacion,2022,5,43.7,48.1,35,38,0.5343,43.75,4.0,Suspension Academica,54.0,Riesgo Critico,#e74c3c,20,0,20,53.4,43.8,Critico
UTP-0164,Carolina Gutierrez Torres,11-410-9740,carolina.gutierrez164@utp.ac.pa,FIE,Facultad de Ingenieria Electricista,Ingenieria Electricista,2022,5,81.4,83.0,55,16,0.194,68.75,3.6,Activo,18.2,Alto Rendimiento,#2ecc71,18,17,1,19.4,68.8,Bajo
UTP-0155,Jose Morales Medina,6-492-1530,jose.morales155@utp.ac.pa,FIIA,Facultad de Ingenieria Industrial y Administrativa,Administracion de Empresas Tecnologicas,2020,9,73.5,84.3,119,17,0.1144,82.64,2.22,Regular,19.0,Rendimiento Regular,#3498db,20,19,1,11.4,82.6,Medio
UTP-0020,Andrea Romero Sanchez,4-296-4116,andrea.romero020@utp.ac.pa,FACIN,Facultad de Ciencias Naturales y Exactas,Licenciatura en Matematica,2020,9,88.4,95.3,124,8,0.0693,86.11,2.11,Activo,8.0,Rendimiento Regular,#3498db,19,19,0,6.9,86.1,Medio
UTP-0125,Gabriela Morales Sanchez,3-362-4232,gabriela.morales125@utp.ac.pa,FIIA,Facultad de Ingenieria Industrial y Administrativa,Ingenieria Industrial,2022,6,84.3,88.8,64,18,0.2277,66.67,3.0,Activo,15.9,Rendimiento Regular,#3498db,18,18,0,22.8,66.7,Medio
UTP-0080,Sofia Ruiz Ramirez,11-952-3522,sofia.ruiz080@utp.ac.pa,FISC,Facultad de Ingenieria de Sistemas Computacionales,Licenciatura en Desarrollo de Software,2020,9,77.9,79.0,111,25,0.1626,77.08,3.22,Activo,20.2,Alto Rendimiento,#2ecc71,29,28,1,16.3,77.1,Bajo
UTP-0115,Fernanda Rodriguez Gomez,5-819-6062,fernanda.rodriguez115@utp.ac.pa,FIIA,Facultad de Ingenieria Industrial y Administrativa,Ingenieria Industrial,2024,3,78.2,80.0,42,4,0.0964,87.5,4.0,Activo,18.1,Alto Rendimiento,#2ecc71,12,12,0,9.6,87.5,Bajo
UTP-0119,Alejandro Villalba Aparicio,9-783-6053,alejandro.villalba119@utp.ac.pa,FISC,Facultad de Ingenieria de Sistemas Computacionales,Licenciatura en Desarrollo de Software,2023,3,76.9,77.0,36,5,0.1191,75.0,4.0,Activo,20.3,Alto Rendimiento,#2ecc71,12,10,2,11.9,75.0,Bajo
UTP-0073,Patricia Vargas Jimenez,5-612-9847,patricia.vargas073@utp.ac.pa,FIE,Facultad de Ingenieria Electricista,Ingenieria en Telecomunicaciones,2023,3,86.1,93.0,43,1,0.0254,89.58,4.0,Activo,8.6,Alto Rendimiento,#2ecc71,12,12,0,2.5,89.6,Bajo
UTP-0016,Diego Vargas Jimenez,11-765-7118,diego.vargas016@utp.ac.pa,FIIA,Facultad de Ingenieria Industrial y Administrativa,Administracion de Empresas Tecnologicas,2021,9,86.4,92.2,122,10,0.0717,84.72,2.22,Activo,10.0,Rendimiento Regular,#3498db,20,20,0,7.2,84.7,Medio
UTP-0011,Jose Aguilar Aguilar,10-579-9669,jose.aguilar011@utp.ac.pa,FIC,Facultad de Ingenieria Civil,Ingenieria Civil,2023,5,87.0,100.0,68,3,0.0396,85.0,3.8,Activo,6.2,Alto Rendimiento,#2ecc71,19,19,0,4.0,85.0,Bajo
UTP-0195,Pablo Perez Barrios,8-640-6927,pablo.perez195@utp.ac.pa,FIEM,Facultad de Ingenieria Mecanica,Ingenieria Mecanica,2021,9,80.2,96.6,108,19,0.1291,75.0,2.22,Activo,12.3,Rendimiento Regular,#3498db,20,19,1,12.9,75.0,Medio
UTP-0102,Natalia Reyes Alvarado,8-341-6942,natalia.reyes102@utp.ac.pa,FIEM,Facultad de Ingenieria Mecanica,Ingenieria Mecatronica,2022,5,80.0,82.9,60,10,0.1259,75.0,3.6,Activo,17.1,Alto Rendimiento,#2ecc71,18,18,0,12.6,75.0,Bajo
UTP-0069,Paola Montenegro Solis,1-724-2625,paola.montenegro069@utp.ac.pa,FIEM,Facultad de Ingenieria Mecanica,Ingenieria Mecatronica,2024,2,83.1,90.2,29,1,0.0555,90.62,4.0,Activo,11.6,Alto Rendimiento,#2ecc71,8,8,0,5.6,90.6,Bajo
UTP-0225,Pablo Jimenez Castillo,1-749-5478,pablo.jimenez225@utp.ac.pa,FISC,Facultad de Ingenieria de Sistemas Computacionales,Licenciatura en Desarrollo de Software,2024,3,61.3,65.0,38,7,0.1674,79.17,4.0,En Riesgo,31.9,En Riesgo,#f39c12,12,7,5,16.7,79.2,Alto
UTP-0038,Ricardo Martinez Munoz,1-632-9821,ricardo.martinez038@utp.ac.pa,FISC,Facultad de Ingenieria de Sistemas Computacionales,Licenciatura en Desarrollo de Software,2024,1,89.9,94.2,13,2,0.1139,81.25,4.0,Activo,8.9,Alto Rendimiento,#2ecc71,4,4,0,11.4,81.2,Bajo
UTP-0017,Isabella Rodriguez Villalba,9-335-4608,isabella.rodriguez017@utp.ac.pa,FISC,Facultad de Ingenieria de Sistemas Computacionales,Ingenieria en Sistemas y Computacion,2021,7,91.7,87.0,90,6,0.0497,80.36,3.71,Activo,9.1,Alto Rendimiento,#2ecc71,26,26,0,5.0,80.4,Bajo
UTP-0180,Camila Ceballos Castillo,11-589-9609,camila.ceballos180@utp.ac.pa,FIEM,Facultad de Ingenieria Mecanica,Ingenieria Mecanica,2021,9,75.1,89.0,118,15,0.0912,81.94,2.22,Activo,16.1,Rendimiento Regular,#3498db,20,18,2,9.1,81.9,Medio
UTP-0148,Roberto Pimentel Romero,11-279-8612,roberto.pimentel148@utp.ac.pa,FIIA,Facultad de Ingenieria Industrial y Administrativa,Administracion de Empresas Tecnologicas,2021,7,76.8,70.6,98,12,0.1155,87.5,2.71,Activo,22.4,Rendimiento Regular,#3498db,19,19,0,11.6,87.5,Medio
UTP-0275,Pedro Garcia Rivera,8-455-9568,pedro.garcia275@utp.ac.pa,FACIN,Facultad de Ciencias Naturales y Exactas,Licenciatura en Matematica,2020,9,64.1,48.4,73,72,0.4465,50.69,2.11,En Riesgo,43.6,Riesgo Critico,#e74c3c,19,10,9,44.6,50.7,Critico
UTP-0068,Carolina Moreno Cardenas,10-909-4697,carolina.moreno068@utp.ac.pa,FIE,Facultad de Ingenieria Electricista,Ingenieria Electricista,2021,7,92.8,98.3,100,7,0.0716,89.29,2.86,Activo,5.2,Rendimiento Regular,#3498db,20,20,0,7.2,89.3,Medio
UTP-0229,Carolina Perez Cardenas,10-903-6315,carolina.perez229@utp.ac.pa,FISC,Facultad de Ingenieria de Sistemas Computacionales,Ingenieria en Sistemas y Computacion,2020,10,56.9,73.7,115,33,0.2608,71.88,3.0,En Riesgo,33.0,En Riesgo,#f39c12,30,9,21,26.1,71.9,Alto
UTP-0070,Daniela Gomez Ceballos,2-260-1043,daniela.gomez070@utp.ac.pa,FIC,Facultad de Ingenieria Civil,Licenciatura en Topografia,2020,9,92.6,96.1,110,24,0.1556,76.39,2.33,Activo,8.2,Rendimiento Regular,#3498db,21,21,0,15.6,76.4,Medio
UTP-0032,Natalia Villalba Ceballos,3-540-3088,natalia.villalba032@utp.ac.pa,FACIN,Facultad de Ciencias Naturales y Exactas,Licenciatura en Matematica,2024,1,88.4,92.4,13,0,0.0,81.25,4.0,Activo,7.3,Alto Rendimiento,#2ecc71,4,4,0,0.0,81.2,Bajo
UTP-0184,Sergio Gutierrez Ceballos,12-378-3249,sergio.gutierrez184@utp.ac.pa,FIE,Facultad de Ingenieria Electricista,Ingenieria en Telecomunicaciones,2021,7,74.0,83.5,86,13,0.1122,76.79,2.86,Regular,19.0,Rendimiento Regular,#3498db,20,19,1,11.2,76.8,Medio
UTP-0266,Melissa Alvarado Reyes,2-202-3293,melissa.alvarado266@utp.ac.pa,FIE,Facultad de Ingenieria Electricista,Ingenieria Electricista,2021,8,68.3,67.7,82,44,0.3345,64.06,2.62,En Riesgo,32.4,En Riesgo,#f39c12,21,16,5,33.4,64.1,Alto
UTP-0226,Monica Gomez Villalba,11-489-2404,monica.gomez226@utp.ac.pa,FIC,Facultad de Ingenieria Civil,Licenciatura en Topografia,2024,2,59.1,59.1,17,12,0.4202,53.12,4.0,En Riesgo,41.2,Riesgo Critico,#e74c3c,8,6,2,42.0,53.1,Critico
UTP-0141,Natalia Morales Aguilar,2-483-4678,natalia.morales141@utp.ac.pa,FIEM,Facultad de Ingenieria Mecanica,Ingenieria Mecanica,2023,5,87.3,93.5,60,10,0.1076,75.0,3.6,Activo,10.0,Alto Rendimiento,#2ecc71,18,18,0,10.8,75.0,Bajo
UTP-0019,Jorge Diaz Sanchez,2-774-8062,jorge.diaz019@utp.ac.pa,FIIA,Facultad de Ingenieria Industrial y Administrativa,Administracion de Empresas Tecnologicas,2021,8,95.2,97.7,113,1,0.0148,88.28,2.5,Activo,3.1,Rendimiento Regular,#3498db,20,20,0,1.5,88.3,Medio
UTP-0182,Lucia Castillo Espino,6-673-5480,lucia.castillo182@utp.ac.pa,FIE,Facultad de Ingenieria Electricista,Ingenieria en Telecomunicaciones,2021,9,84.2,68.2,118,11,0.0802,81.94,2.33,Activo,19.5,Rendimiento Regular,#3498db,21,21,0,8.0,81.9,Medio
UTP-0097,Patricia Gonzalez Flores,4-980-7511,patricia.gonzalez097@utp.ac.pa,FIEM,Facultad de Ingenieria Mecanica,Ingenieria Mecatronica,2022,5,78.4,79.3,70,9,0.1096,87.5,3.6,Activo,18.6,Alto Rendimiento,#2ecc71,18,18,0,11.0,87.5,Bajo
UTP-0133,Laura Vargas Ceballos,7-758-6381,laura.vargas133@utp.ac.pa,FACIN,Facultad de Ciencias Naturales y Exactas,Licenciatura en Fisica Aplicada,2021,9,68.4,91.1,123,17,0.1143,85.42,2.11,Regular,18.6,Rendimiento Regular,#3498db,19,16,3,11.4,85.4,Medio
UTP-0263,Camila Espino Gonzalez,3-707-4705,camila.espino263@utp.ac.pa,FIEM,Facultad de Ingenieria Mecanica,Ingenieria Mecanica,2020,9,67.2,71.7,96,38,0.2744,66.67,2.22,En Riesgo,29.9,En Riesgo,#f39c12,20,14,6,27.4,66.7,Alto
UTP-0087,Sergio Aguilar Castillo,11-835-8994,sergio.aguilar087@utp.ac.pa,FACIN,Facultad de Ciencias Naturales y Exactas,Licenciatura en Matematica,2022,7,79.2,87.6,101,6,0.0737,90.18,2.57,Activo,14.5,Rendimiento Regular,#3498db,18,18,0,7.4,90.2,Medio
UTP-0249,Lucia Chavez Torres,3-422-8389,lucia.chavez249@utp.ac.pa,FACIN,Facultad de Ciencias Naturales y Exactas,Licenciatura en Matematica,2024,1,65.6,62.2,10,5,0.2949,62.5,4.0,En Riesgo,34.4,En Riesgo,#f39c12,4,3,1,29.5,62.5,Alto
UTP-0246,Eduardo Cardenas Aguilar,10-501-2871,eduardo.cardenas246@utp.ac.pa,FIE,Facultad de Ingenieria Electricista,Ingenieria en Telecomunicaciones,2024,3,65.4,70.0,27,19,0.3586,56.25,4.0,En Riesgo,33.3,En Riesgo,#f39c12,12,8,4,35.9,56.2,Alto
UTP-0117,Miguel Medina Vargas,12-432-2391,miguel.medina117@utp.ac.pa,FIEM,Facultad de Ingenieria Mecanica,Ingenieria Mecatronica,2023,4,73.4,81.7,54,7,0.1355,84.38,4.0,Regular,20.4,Alto Rendimiento,#2ecc71,16,12,4,13.6,84.4,Bajo
UTP-0147,Ricardo Rodriguez Herrera,2-453-4950,ricardo.rodriguez147@utp.ac.pa,FIEM,Facultad de Ingenieria Mecanica,Ingenieria Mecanica,2023,4,68.5,82.7,52,9,0.1392,81.25,4.0,Regular,22.2,Alto Rendimiento,#2ecc71,16,12,4,13.9,81.2,Bajo
UTP-0293,Maria Aguilar Munoz,3-462-4517,maria.aguilar293@utp.ac.pa,FIIA,Facultad de Ingenieria Industrial y Administrativa,Administracion de Empresas Tecnologicas,2023,4,44.4,54.2,31,29,0.498,48.44,4.0,Suspension Academica,50.7,Riesgo Critico,#e74c3c,16,2,14,49.8,48.4,Critico
UTP-0198,Ricardo Garcia Reyes,10-174-1742,ricardo.garcia198@utp.ac.pa,FACIN,Facultad de Ciencias Naturales y Exactas,Licenciatura en Fisica Aplicada,2020,10,60.6,71.8,101,53,0.3067,63.12,2.0,En Riesgo,33.3,En Riesgo,#f39c12,20,9,11,30.7,63.1,Alto
UTP-0207,Francisco Gomez Pimentel,8-346-4692,francisco.gomez207@utp.ac.pa,FIEM,Facultad de Ingenieria Mecanica,Ingenieria Mecatronica,2021,8,65.4,69.8,89,30,0.2168,69.53,2.5,Regular,29.8,En Riesgo,#f39c12,20,13,7,21.7,69.5,Alto
UTP-0056,Diego Gonzalez Villalba,12-950-4978,diego.gonzalez056@utp.ac.pa,FIIA,Facultad de Ingenieria Industrial y Administrativa,Administracion de Empresas Tecnologicas,2023,5,92.1,97.3,62,8,0.0969,77.5,3.4,Activo,6.6,Alto Rendimiento,#2ecc71,17,17,0,9.7,77.5,Bajo
UTP-0173,Diego Medina Ceballos,5-175-7329,diego.medina173@utp.ac.pa,FIEM,Facultad de Ingenieria Mecanica,Ingenieria Mecanica,2024,3,79.5,77.1,38,6,0.125,79.17,4.0,Activo,19.3,Alto Rendimiento,#2ecc71,12,12,0,12.5,79.2,Bajo
UTP-0185,Diana Cruz Cruz,1-202-7771,diana.cruz185@utp.ac.pa,FIC,Facultad de Ingenieria Civil,Ingenieria Civil,2020,10,82.8,84.5,124,21,0.1369,77.5,2.2,Activo,15.7,Rendimiento Regular,#3498db,22,22,0,13.7,77.5,Medio
UTP-0168,Eduardo Herrera Jimenez,3-878-7070,eduardo.herrera168@utp.ac.pa,FIIA,Facultad de Ingenieria Industrial y Administrativa,Ingenieria Industrial,2022,7,86.6,74.6,88,13,0.1481,78.57,2.71,Activo,18.0,Rendimiento Regular,#3498db,19,19,0,14.8,78.6,Medio
UTP-0140,Gabriela Munoz Perez,4-936-8391,gabriela.munoz140@utp.ac.pa,FIC,Facultad de Ingenieria Civil,Licenciatura en Topografia,2023,5,77.6,90.1,68,11,0.1234,85.0,3.8,Activo,15.5,Alto Rendimiento,#2ecc71,19,19,0,12.3,85.0,Bajo
UTP-0254,Camila Villalba Herrera,12-724-8015,camila.villalba254@utp.ac.pa,FISC,Facultad de Ingenieria de Sistemas Computacionales,Licenciatura en Desarrollo de Software,2020,9,66.5,63.4,89,35,0.2898,61.81,3.22,En Riesgo,33.5,En Riesgo,#f39c12,29,24,5,29.0,61.8,Alto
UTP-0039,Jose Romero Solis,6-779-3041,jose.romero039@utp.ac.pa,FACIN,Facultad de Ciencias Naturales y Exactas,Licenciatura en Matematica,2022,6,89.0,95.2,88,3,0.039,91.67,3.0,Activo,7.0,Rendimiento Regular,#3498db,18,18,0,3.9,91.7,Medio
UTP-0126,Lucia Ruiz Montenegro,10-559-6295,lucia.ruiz126@utp.ac.pa,FACIN,Facultad de Ciencias Naturales y Exactas,Licenciatura en Matematica,2021,9,73.2,88.2,122,19,0.1292,84.72,2.11,Regular,18.1,Rendimiento Regular,#3498db,19,16,3,12.9,84.7,Medio
UTP-0196,Gabriela Rivera Castillo,9-552-2904,gabriela.rivera196@utp.ac.pa,FISC,Facultad de Ingenieria de Sistemas Computacionales,Ingenieria en Sistemas y Computacion,2024,3,64.2,64.3,36,11,0.212,75.0,4.0,En Riesgo,32.1,En Riesgo,#f39c12,12,9,3,21.2,75.0,Alto
UTP-0284,Gabriela Gutierrez Perez,1-337-9515,gabriela.gutierrez284@utp.ac.pa,FIC,Facultad de Ingenieria Civil,Licenciatura en Topografia,2023,3,44.3,45.8,24,24,0.4333,50.0,4.0,Suspension Academica,52.1,Riesgo Critico,#e74c3c,12,0,12,43.3,50.0,Critico
UTP-0138,Patricia Chavez Aguilar,9-640-7859,patricia.chavez138@utp.ac.pa,FIC,Facultad de Ingenieria Civil,Licenciatura en Topografia,2024,2,71.4,73.8,25,6,0.1839,78.12,4.0,Regular,25.2,Alto Rendimiento,#2ecc71,8,8,0,18.4,78.1,Bajo
UTP-0113,Pablo Vargas Herrera,2-691-9313,pablo.vargas113@utp.ac.pa,FACIN,Facultad de Ciencias Naturales y Exactas,Licenciatura en Fisica Aplicada,2020,10,72.9,81.1,121,23,0.1406,75.62,2.0,Regular,21.0,Rendimiento Regular,#3498db,20,15,5,14.1,75.6,Medio
UTP-0169,Hector Morales Flores,2-151-5754,hector.morales169@utp.ac.pa,FIC,Facultad de Ingenieria Civil,Licenciatura en Topografia,2020,10,73.8,80.1,144,16,0.0904,90.0,2.2,Regular,19.7,Rendimiento Regular,#3498db,22,18,4,9.0,90.0,Medio
UTP-0118,Hector Munoz Aparicio,10-552-7785,hector.munoz118@utp.ac.pa,FIIA,Facultad de Ingenieria Industrial y Administrativa,Ingenieria Industrial,2020,10,84.4,88.2,126,19,0.112,78.75,2.1,Activo,13.2,Rendimiento Regular,#3498db,21,21,0,11.2,78.8,Medio
UTP-0278,Rafael Garcia Martinez,1-350-1753,rafael.garcia278@utp.ac.pa,FISC,Facultad de Ingenieria de Sistemas Computacionales,Ingenieria en Sistemas y Computacion,2021,9,41.6,42.0,78,55,0.4079,54.17,3.22,Suspension Academica,53.9,Riesgo Critico,#e74c3c,29,2,27,40.8,54.2,Critico
UTP-0272,Andrea Perez Pimentel,9-730-3501,andrea.perez272@utp.ac.pa,FIIA,Facultad de Ingenieria Industrial y Administrativa,Administracion de Empresas Tecnologicas,2023,5,49.4,62.3,48,23,0.3217,60.0,3.4,Suspension Academica,41.5,En Riesgo,#f39c12,17,2,15,32.2,60.0,Alto
UTP-0156,Fernando Torres Barrios,6-507-6150,fernando.torres156@utp.ac.pa,FIE,Facultad de Ingenieria Electricista,Ingenieria en Telecomunicaciones,2023,3,75.9,86.7,38,6,0.1579,79.17,4.0,Activo,18.2,Alto Rendimiento,#2ecc71,12,12,0,15.8,79.2,Bajo
UTP-0177,Isabella Ramirez Moreno,10-415-1436,isabella.ramirez177@utp.ac.pa,FIE,Facultad de Ingenieria Electricista,Ingenieria en Telecomunicaciones,2020,10,78.3,77.6,127,22,0.1519,79.38,2.2,Activo,20.3,Rendimiento Regular,#3498db,22,20,2,15.2,79.4,Medio
UTP-0179,Hector Castillo Moreno,3-522-4340,hector.castillo179@utp.ac.pa,FISC,Facultad de Ingenieria de Sistemas Computacionales,Ingenieria en Sistemas y Computacion,2021,7,73.7,83.3,94,9,0.077,83.93,3.71,Regular,18.3,Alto Rendimiento,#2ecc71,26,21,5,7.7,83.9,Bajo
UTP-0003,Adriana Gutierrez Garcia,3-814-7924,adriana.gutierrez003@utp.ac.pa,FACIN,Facultad de Ciencias Naturales y Exactas,Licenciatura en Fisica Aplicada,2021,8,97.9,97.1,112,2,0.0259,87.5,2.38,Activo,2.5,Rendimiento Regular,#3498db,19,19,0,2.6,87.5,Medio
UTP-0116,Andrea Gonzalez Flores,12-748-1502,andrea.gonzalez116@utp.ac.pa,FIC,Facultad de Ingenieria Civil,Ingenieria Civil,2024,3,78.2,74.3,39,2,0.0496,81.25,4.0,Activo,19.0,Alto Rendimiento,#2ecc71,12,12,0,5.0,81.2,Bajo
UTP-0144,Daniela Moreno Solis,8-164-2816,daniela.moreno144@utp.ac.pa,FIC,Facultad de Ingenieria Civil,Licenciatura en Topografia,2020,9,68.2,75.9,137,2,0.018,95.14,2.33,Regular,21.6,Rendimiento Regular,#3498db,21,16,5,1.8,95.1,Medio
UTP-0178,Manuel Rivera Barrios,11-838-7229,manuel.rivera178@utp.ac.pa,FACIN,Facultad de Ciencias Naturales y Exactas,Licenciatura en Matematica,2020,10,68.7,82.6,131,10,0.0594,81.88,2.0,Regular,20.1,Rendimiento Regular,#3498db,20,14,6,5.9,81.9,Medio
UTP-0121,Sergio Cruz Caballero,9-953-6802,sergio.cruz121@utp.ac.pa,FIEM,Facultad de Ingenieria Mecanica,Ingenieria Mecanica,2021,8,79.6,92.2,97,16,0.1146,75.78,2.5,Activo,13.8,Rendimiento Regular,#3498db,20,20,0,11.5,75.8,Medio
UTP-0211,Carolina Castillo Chavez,7-577-9743,carolina.castillo211@utp.ac.pa,FIC,Facultad de Ingenieria Civil,Ingenieria Civil,2023,3,54.5,80.2,33,11,0.2674,68.75,4.0,En Riesgo,31.8,En Riesgo,#f39c12,12,3,9,26.7,68.8,Alto
UTP-0261,Hector Ruiz Garcia,7-307-3161,hector.ruiz261@utp.ac.pa,FIEM,Facultad de Ingenieria Mecanica,Ingenieria Mecanica,2020,9,63.9,57.3,97,41,0.3104,67.36,2.22,En Riesgo,37.1,En Riesgo,#f39c12,20,14,6,31.0,67.4,Alto
UTP-0128,Alejandro Gonzalez Perez,10-708-9307,alejandro.gonzalez128@utp.ac.pa,FIEM,Facultad de Ingenieria Mecanica,Ingenieria Mecanica,2020,10,74.0,70.3,131,15,0.0937,81.88,2.1,Regular,23.2,Rendimiento Regular,#3498db,21,17,4,9.4,81.9,Medio
UTP-0075,Diana Alvarado Gutierrez,3-699-8141,diana.alvarado075@utp.ac.pa,FIE,Facultad de Ingenieria Electricista,Ingenieria Electricista,2021,8,93.4,87.6,117,3,0.0258,91.41,2.62,Activo,7.6,Rendimiento Regular,#3498db,21,21,0,2.6,91.4,Medio
UTP-0030,Ricardo Caballero Aparicio,5-966-1832,ricardo.caballero030@utp.ac.pa,FACIN,Facultad de Ciencias Naturales y Exactas,Licenciatura en Fisica Aplicada,2021,9,91.6,91.9,117,7,0.0554,81.25,2.11,Activo,7.6,Rendimiento Regular,#3498db,19,19,0,5.5,81.2,Medio
UTP-0084,Andres Moreno Martinez,6-862-8749,andres.moreno084@utp.ac.pa,FIC,Facultad de Ingenieria Civil,Ingenieria Civil,2024,2,79.0,75.4,25,5,0.1659,78.12,4.0,Activo,21.1,Alto Rendimiento,#2ecc71,8,8,0,16.6,78.1,Bajo
UTP-0270,Fernando Moreno Medina,9-799-3830,fernando.moreno270@utp.ac.pa,FIE,Facultad de Ingenieria Electricista,Ingenieria en Telecomunicaciones,2021,8,60.6,78.0,97,31,0.2084,75.78,2.62,En Riesgo,28.6,En Riesgo,#f39c12,21,12,9,20.8,75.8,Alto
UTP-0108,Maria Lopez Espino,7-536-2768,maria.lopez108@utp.ac.pa,FISC,Facultad de Ingenieria de Sistemas Computacionales,Licenciatura en Desarrollo de Software,2023,5,80.0,78.1,57,20,0.2246,71.25,4.0,Activo,21.3,Alto Rendimiento,#2ecc71,20,18,2,22.5,71.2,Bajo
UTP-0224,Pedro Perez Caballero,12-454-1879,pedro.perez224@utp.ac.pa,FACIN,Facultad de Ciencias Naturales y Exactas,Licenciatura en Fisica Aplicada,2023,5,68.5,78.0,61,8,0.1141,76.25,3.4,Regular,23.2,Alto Rendimiento,#2ecc71,17,14,3,11.4,76.2,Bajo
UTP-0159,Sergio Chavez Vargas,3-828-3852,sergio.chavez159@utp.ac.pa,FIE,Facultad de Ingenieria Electricista,Ingenieria en Telecomunicaciones,2020,10,85.2,81.5,131,23,0.1488,81.88,2.2,Activo,16.1,Rendimiento Regular,#3498db,22,22,0,14.9,81.9,Medio
UTP-0281,Carolina Ruiz Garcia,6-305-5777,carolina.ruiz281@utp.ac.pa,FIE,Facultad de Ingenieria Electricista,Ingenieria en Telecomunicaciones,2022,5,47.6,58.8,47,26,0.3653,58.75,3.6,Suspension Academica,44.5,Riesgo Critico,#e74c3c,18,2,16,36.5,58.8,Critico
UTP-0247,Adriana Perez Torres,6-220-4908,adriana.perez247@utp.ac.pa,FIIA,Facultad de Ingenieria Industrial y Administrativa,Ingenieria Industrial,2022,7,71.3,76.1,87,12,0.1327,77.68,2.71,Regular,23.2,Rendimiento Regular,#3498db,19,18,1,13.3,77.7,Medio
UTP-0223,Andrea Gonzalez Vargas,3-677-4939,andrea.gonzalez223@utp.ac.pa,FISC,Facultad de Ingenieria de Sistemas Computacionales,Ingenieria en Sistemas y Computacion,2024,1,61.7,80.0,13,1,0.0679,81.25,4.0,En Riesgo,24.0,Alto Rendimiento,#2ecc71,4,3,1,6.8,81.2,Bajo
UTP-0066,Pedro Aparicio Sanchez,1-687-5658,pedro.aparicio066@utp.ac.pa,FISC,Facultad de Ingenieria de Sistemas Computacionales,Ingenieria en Sistemas y Computacion,2024,2,91.9,90.5,28,1,0.0446,87.5,4.0,Activo,7.7,Alto Rendimiento,#2ecc71,8,8,0,4.5,87.5,Bajo
UTP-0199,Luis Chavez Moreno,3-887-3218,luis.chavez199@utp.ac.pa,FIIA,Facultad de Ingenieria Industrial y Administrativa,Ingenieria Industrial,2020,10,68.2,63.9,114,49,0.2584,71.25,2.1,En Riesgo,31.8,En Riesgo,#f39c12,21,17,4,25.8,71.2,Alto
UTP-0086,Gabriela Moreno Flores,2-580-5342,gabriela.moreno086@utp.ac.pa,FIIA,Facultad de Ingenieria Industrial y Administrativa,Administracion de Empresas Tecnologicas,2020,10,74.6,90.6,131,14,0.0846,81.88,2.1,Regular,15.6,Rendimiento Regular,#3498db,21,21,0,8.5,81.9,Medio
UTP-0214,Isabella Ortiz Aparicio,12-757-9037,isabella.ortiz214@utp.ac.pa,FIEM,Facultad de Ingenieria Mecanica,Ingenieria Mecanica,2023,5,56.5,65.3,43,36,0.4135,53.75,3.6,En Riesgo,39.9,Riesgo Critico,#e74c3c,18,11,7,41.3,53.8,Critico
UTP-0160,Lucia Rodriguez Medina,9-686-7044,lucia.rodriguez160@utp.ac.pa,FISC,Facultad de Ingenieria de Sistemas Computacionales,Ingenieria en Sistemas y Computacion,2021,7,78.6,100.0,84,23,0.176,75.0,3.71,Activo,13.0,Alto Rendimiento,#2ecc71,26,25,1,17.6,75.0,Bajo
UTP-0013,Rafael Sanchez Vargas,11-619-4258,rafael.sanchez013@utp.ac.pa,FACIN,Facultad de Ciencias Naturales y Exactas,Licenciatura en Fisica Aplicada,2024,1,91.0,86.2,13,0,0.0002,81.25,4.0,Activo,8.4,Alto Rendimiento,#2ecc71,4,4,0,0.0,81.2,Bajo
UTP-0036,Fernanda Herrera Caballero,7-795-9785,fernanda.herrera036@utp.ac.pa,FIEM,Facultad de Ingenieria Mecanica,Ingenieria Mecatronica,2022,5,92.0,100.0,68,2,0.0452,85.0,3.6,Activo,4.3,Alto Rendimiento,#2ecc71,18,18,0,4.5,85.0,Bajo
UTP-0029,Juan Torres Ortiz,2-209-3546,juan.torres029@utp.ac.pa,FACIN,Facultad de Ciencias Naturales y Exactas,Licenciatura en Matematica,2024,2,86.0,92.0,26,2,0.0675,81.25,4.0,Activo,10.1,Alto Rendimiento,#2ecc71,8,8,0,6.8,81.2,Bajo
UTP-0143,Ricardo Reyes Flores,9-844-9647,ricardo.reyes143@utp.ac.pa,FIIA,Facultad de Ingenieria Industrial y Administrativa,Ingenieria Industrial,2020,9,72.2,87.1,108,27,0.1729,75.0,2.22,Regular,20.0,Rendimiento Regular,#3498db,20,18,2,17.3,75.0,Medio
UTP-0285,Rafael Torres Jimenez,2-706-2020,rafael.torres285@utp.ac.pa,FIEM,Facultad de Ingenieria Mecanica,Ingenieria Mecanica,2024,1,43.5,63.9,4,12,0.6705,25.0,4.0,Suspension Academica,52.0,Riesgo Critico,#e74c3c,4,0,4,67.0,25.0,Critico
UTP-0255,Roberto Pimentel Gutierrez,10-651-3758,roberto.pimentel255@utp.ac.pa,FIC,Facultad de Ingenieria Civil,Ingenieria Civil,2020,10,75.8,67.2,90,64,0.3719,56.25,2.2,En Riesgo,30.4,En Riesgo,#f39c12,22,18,4,37.2,56.2,Alto
UTP-0171,Rafael Ruiz Morales,4-697-6781,rafael.ruiz171@utp.ac.pa,FIEM,Facultad de Ingenieria Mecanica,Ingenieria Mecanica,2020,10,78.4,82.7,122,15,0.1081,76.25,2.1,Activo,17.4,Rendimiento Regular,#3498db,21,20,1,10.8,76.2,Medio
UTP-0052,Francisco Castillo Reyes,8-434-6529,francisco.castillo052@utp.ac.pa,FIEM,Facultad de Ingenieria Mecanica,Ingenieria Mecanica,2020,10,91.2,95.2,151,2,0.0186,94.38,2.1,Activo,5.7,Rendimiento Regular,#3498db,21,21,0,1.9,94.4,Medio
UTP-0096,Sergio Medina Barrios,9-379-3695,sergio.medina096@utp.ac.pa,FIEM,Facultad de Ingenieria Mecanica,Ingenieria Mecanica,2021,7,67.2,82.1,84,18,0.1494,75.0,2.71,Regular,23.1,Rendimiento Regular,#3498db,19,12,7,14.9,75.0,Medio
UTP-0209,Sergio Diaz Lopez,5-486-1647,sergio.diaz209@utp.ac.pa,FISC,Facultad de Ingenieria de Sistemas Computacionales,Licenciatura en Desarrollo de Software,2022,5,71.0,63.9,62,14,0.2008,77.5,4.0,Regular,29.3,En Riesgo,#f39c12,20,16,4,20.1,77.5,Alto
UTP-0248,Jorge Cardenas Torres,10-492-7931,jorge.cardenas248@utp.ac.pa,FACIN,Facultad de Ciencias Naturales y Exactas,Licenciatura en Matematica,2024,2,56.6,63.0,20,9,0.2821,62.5,4.0,En Riesgo,37.4,En Riesgo,#f39c12,8,3,5,28.2,62.5,Alto
UTP-0042,Laura Chavez Caballero,11-748-6491,laura.chavez042@utp.ac.pa,FIC,Facultad de Ingenieria Civil,Licenciatura en Topografia,2021,9,83.0,96.4,111,17,0.1057,77.08,2.33,Activo,10.7,Rendimiento Regular,#3498db,21,21,0,10.6,77.1,Medio
UTP-0090,Melissa Aguilar Solis,11-346-9153,melissa.aguilar090@utp.ac.pa,FIC,Facultad de Ingenieria Civil,Ingenieria Civil,2021,7,69.8,80.4,96,12,0.1265,85.71,2.86,Regular,22.1,Rendimiento Regular,#3498db,20,19,1,12.6,85.7,Medio
UTP-0245,Jose Montenegro Sanchez,9-291-6993,jose.montenegro245@utp.ac.pa,FISC,Facultad de Ingenieria de Sistemas Computacionales,Ingenieria en Sistemas y Computacion,2021,8,65.0,54.4,73,45,0.3623,57.03,3.62,En Riesgo,39.0,En Riesgo,#f39c12,29,22,7,36.2,57.0,Alto
UTP-0137,Alejandro Alvarado Cruz,9-344-6070,alejandro.alvarado137@utp.ac.pa,FIE,Facultad de Ingenieria Electricista,Ingenieria Electricista,2023,5,77.6,86.1,67,13,0.1556,83.75,3.6,Activo,17.7,Alto Rendimiento,#2ecc71,18,17,1,15.6,83.8,Bajo
UTP-0027,Jose Garcia Ruiz,10-676-2638,jose.garcia027@utp.ac.pa,FACIN,Facultad de Ciencias Naturales y Exactas,Licenciatura en Fisica Aplicada,2023,4,90.5,86.0,53,1,0.0334,82.81,3.75,Activo,9.5,Alto Rendimiento,#2ecc71,15,15,0,3.3,82.8,Bajo
UTP-0294,Melissa Solis Morales,11-402-9173,melissa.solis294@utp.ac.pa,FIEM,Facultad de Ingenieria Mecanica,Ingenieria Mecanica,2020,10,56.3,77.3,82,71,0.4363,51.25,2.1,En Riesgo,36.3,En Riesgo,#f39c12,21,6,15,43.6,51.2,Alto
UTP-0142,Luis Chavez Espino,12-951-3273,luis.chavez142@utp.ac.pa,FACIN,Facultad de Ciencias Naturales y Exactas,Licenciatura en Fisica Aplicada,2021,7,81.9,86.9,87,20,0.1884,77.68,2.57,Activo,16.6,Rendimiento Regular,#3498db,18,17,1,18.8,77.7,Medio
UTP-0201,Diana Torres Cruz,1-874-1372,diana.torres201@utp.ac.pa,FISC,Facultad de Ingenieria de Sistemas Computacionales,Ingenieria en Sistemas y Computacion,2024,2,66.8,60.6,20,11,0.3496,62.5,4.0,En Riesgo,35.8,En Riesgo,#f39c12,8,8,0,35.0,62.5,Alto
UTP-0001,Fernanda Morales Cruz,3-854-2679,fernanda.morales001@utp.ac.pa,FACIN,Facultad de Ciencias Naturales y Exactas,Licenciatura en Matematica,2020,10,92.5,93.4,143,11,0.0594,89.38,2.0,Activo,6.8,Rendimiento Regular,#3498db,20,20,0,5.9,89.4,Medio
UTP-0269,Sofia Morales Aparicio,11-708-2163,sofia.morales269@utp.ac.pa,FISC,Facultad de Ingenieria de Sistemas Computacionales,Ingenieria en Sistemas y Computacion,2023,4,60.8,65.5,41,22,0.2978,64.06,4.0,En Riesgo,35.2,En Riesgo,#f39c12,16,8,8,29.8,64.1,Alto
UTP-0273,Eduardo Jimenez Villalba,11-881-2083,eduardo.jimenez273@utp.ac.pa,FIIA,Facultad de Ingenieria Industrial y Administrativa,Ingenieria Industrial,2021,9,49.9,60.9,63,71,0.5099,43.75,2.22,Suspension Academica,46.5,Riesgo Critico,#e74c3c,20,6,14,51.0,43.8,Critico
UTP-0101,Sergio Moreno Villalba,12-844-3531,sergio.moreno101@utp.ac.pa,FIC,Facultad de Ingenieria Civil,Licenciatura en Topografia,2023,4,72.9,79.6,53,10,0.1574,82.81,4.0,Regular,21.9,Alto Rendimiento,#2ecc71,16,16,0,15.7,82.8,Bajo
UTP-0260,Pedro Montenegro Aparicio,6-798-1793,pedro.montenegro260@utp.ac.pa,FIE,Facultad de Ingenieria Electricista,Ingenieria en Telecomunicaciones,2024,3,61.8,67.4,27,16,0.3297,56.25,4.0,En Riesgo,34.9,En Riesgo,#f39c12,12,6,6,33.0,56.2,Alto
UTP-0256,Juan Torres Moreno,1-383-3078,juan.torres256@utp.ac.pa,FIE,Facultad de Ingenieria Electricista,Ingenieria en Telecomunicaciones,2024,3,59.5,67.7,26,17,0.4217,54.17,4.0,En Riesgo,38.0,Riesgo Critico,#e74c3c,12,7,5,42.2,54.2,Critico
UTP-0172,Carlos Sanchez Munoz,3-370-6992,carlos.sanchez172@utp.ac.pa,FIIA,Facultad de Ingenieria Industrial y Administrativa,Administracion de Empresas Tecnologicas,2022,7,72.5,79.5,90,16,0.1578,80.36,2.71,Regular,22.1,Rendimiento Regular,#3498db,19,17,2,15.8,80.4,Medio
UTP-0099,Maria Solis Ceballos,6-724-4626,maria.solis099@utp.ac.pa,FIE,Facultad de Ingenieria Electricista,Ingenieria Electricista,2021,8,78.8,78.8,101,22,0.165,78.91,2.62,Activo,20.0,Rendimiento Regular,#3498db,21,21,0,16.5,78.9,Medio
UTP-0037,Luis Sanchez Cardenas,7-453-6139,luis.sanchez037@utp.ac.pa,FIE,Facultad de Ingenieria Electricista,Ingenieria Electricista,2024,2,91.3,93.7,29,0,0.0,90.62,4.0,Activo,5.7,Alto Rendimiento,#2ecc71,8,8,0,0.0,90.6,Bajo
UTP-0062,Maria Perez Chavez,4-514-4986,maria.perez062@utp.ac.pa,FACIN,Facultad de Ciencias Naturales y Exactas,Licenciatura en Fisica Aplicada,2023,4,92.4,93.1,53,4,0.0614,82.81,3.75,Activo,7.0,Alto Rendimiento,#2ecc71,15,15,0,6.1,82.8,Bajo
UTP-0151,Hector Aguilar Romero,3-608-9151,hector.aguilar151@utp.ac.pa,FISC,Facultad de Ingenieria de Sistemas Computacionales,Licenciatura en Desarrollo de Software,2023,4,76.7,88.7,53,5,0.0707,82.81,4.0,Activo,15.0,Alto Rendimiento,#2ecc71,16,15,1,7.1,82.8,Bajo
UTP-0237,Hector Cardenas Espino,10-510-9755,hector.cardenas237@utp.ac.pa,FACIN,Facultad de Ciencias Naturales y Exactas,Licenciatura en Fisica Aplicada,2023,3,52.6,81.6,31,16,0.2969,64.58,4.0,En Riesgo,32.8,En Riesgo,#f39c12,12,5,7,29.7,64.6,Alto
UTP-0203,Maria Morales Reyes,2-203-1550,maria.morales203@utp.ac.pa,FISC,Facultad de Ingenieria de Sistemas Computacionales,Ingenieria en Sistemas y Computacion,2023,5,59.1,58.0,63,11,0.1377,78.75,4.0,En Riesgo,34.5,En Riesgo,#f39c12,20,10,10,13.8,78.8,Alto
UTP-0243,Valeria Ceballos Rivera,6-673-7985,valeria.ceballos243@utp.ac.pa,FISC,Facultad de Ingenieria de Sistemas Computacionales,Ingenieria en Sistemas y Computacion,2021,9,63.1,70.8,109,30,0.2368,75.69,3.22,En Riesgo,30.9,En Riesgo,#f39c12,29,12,17,23.7,75.7,Alto
UTP-0012,Isabella Ramirez Chavez,7-261-8433,isabella.ramirez012@utp.ac.pa,FISC,Facultad de Ingenieria de Sistemas Computacionales,Ingenieria en Sistemas y Computacion,2024,2,84.7,97.3,27,0,0.0034,84.38,4.0,Activo,7.2,Alto Rendimiento,#2ecc71,8,8,0,0.3,84.4,Bajo
UTP-0297,Maria Gutierrez Lopez,8-642-6856,maria.gutierrez297@utp.ac.pa,FISC,Facultad de Ingenieria de Sistemas Computacionales,Licenciatura en Desarrollo de Software,2024,1,52.1,63.1,6,11,0.5985,37.5,4.0,Suspension Academica,47.0,Riesgo Critico,#e74c3c,4,1,3,59.8,37.5,Critico
UTP-0268,Paola Reyes Barrios,10-621-4090,paola.reyes268@utp.ac.pa,FIIA,Facultad de Ingenieria Industrial y Administrativa,Administracion de Empresas Tecnologicas,2020,10,60.4,68.8,116,35,0.243,72.5,2.1,En Riesgo,32.8,En Riesgo,#f39c12,21,8,13,24.3,72.5,Alto
UTP-0028,Daniela Medina Chavez,3-548-9900,daniela.medina028@utp.ac.pa,FIE,Facultad de Ingenieria Electricista,Ingenieria Electricista,2022,5,91.8,99.9,74,2,0.0245,92.5,3.6,Activo,3.9,Alto Rendimiento,#2ecc71,18,18,0,2.4,92.5,Bajo
UTP-0220,Andrea Aguilar Aguilar,9-587-1919,andrea.aguilar220@utp.ac.pa,FACIN,Facultad de Ciencias Naturales y Exactas,Licenciatura en Matematica,2020,9,62.9,69.6,99,41,0.2685,68.75,2.11,En Riesgo,32.2,En Riesgo,#f39c12,19,8,11,26.8,68.8,Alto
UTP-0005,Melissa Medina Montenegro,4-821-2139,melissa.medina005@utp.ac.pa,FIEM,Facultad de Ingenieria Mecanica,Ingenieria Mecanica,2024,2,91.2,86.4,27,0,0.0,84.38,4.0,Activo,8.3,Alto Rendimiento,#2ecc71,8,8,0,0.0,84.4,Bajo
UTP-0123,Miguel Solis Ruiz,12-470-2443,miguel.solis123@utp.ac.pa,FISC,Facultad de Ingenieria de Sistemas Computacionales,Licenciatura en Desarrollo de Software,2020,10,78.1,83.1,128,16,0.1249,80.0,3.0,Activo,17.8,Rendimiento Regular,#3498db,30,28,2,12.5,80.0,Medio
UTP-0033,Daniela Sanchez Herrera,9-995-7658,daniela.sanchez033@utp.ac.pa,FISC,Facultad de Ingenieria de Sistemas Computacionales,Licenciatura en Desarrollo de Software,2021,9,91.5,95.0,137,6,0.0402,95.14,3.22,Activo,6.2,Alto Rendimiento,#2ecc71,29,29,0,4.0,95.1,Bajo
UTP-0205,Eduardo Morales Vargas,3-776-9540,eduardo.morales205@utp.ac.pa,FIC,Facultad de Ingenieria Civil,Licenciatura en Topografia,2024,3,64.4,59.0,22,21,0.4757,45.83,4.0,Suspension Academica,40.5,Riesgo Critico,#e74c3c,12,7,5,47.6,45.8,Critico
UTP-0163,Gabriela Vargas Rivera,3-430-4694,gabriela.vargas163@utp.ac.pa,FIIA,Facultad de Ingenieria Industrial y Administrativa,Ingenieria Industrial,2020,10,73.8,76.5,114,38,0.2044,71.25,2.1,Regular,23.8,Rendimiento Regular,#3498db,21,18,3,20.4,71.2,Medio
UTP-0210,Isabella Vargas Garcia,4-294-2922,isabella.vargas210@utp.ac.pa,FIIA,Facultad de Ingenieria Industrial y Administrativa,Ingenieria Industrial,2023,3,62.4,68.4,29,19,0.3675,60.42,4.0,En Riesgo,35.3,En Riesgo,#f39c12,12,6,6,36.8,60.4,Alto
UTP-0286,Andrea Castillo Castillo,8-378-4827,andrea.castillo286@utp.ac.pa,FIC,Facultad de Ingenieria Civil,Licenciatura en Topografia,2022,6,44.0,43.7,36,47,0.5566,37.5,3.17,Suspension Academica,56.0,Riesgo Critico,#e74c3c,19,1,18,55.7,37.5,Critico
UTP-0139,Manuel Medina Ceballos,2-828-9452,manuel.medina139@utp.ac.pa,FIIA,Facultad de Ingenieria Industrial y Administrativa,Ingenieria Industrial,2022,5,78.7,78.5,62,14,0.1976,77.5,3.4,Activo,21.0,Alto Rendimiento,#2ecc71,17,17,0,19.8,77.5,Bajo
UTP-0063,Carolina Romero Herrera,12-564-5438,carolina.romero063@utp.ac.pa,FIEM,Facultad de Ingenieria Mecanica,Ingenieria Mecatronica,2023,5,92.4,93.7,70,1,0.0146,87.5,3.6,Activo,5.6,Alto Rendimiento,#2ecc71,18,18,0,1.5,87.5,Bajo
UTP-0136,Pablo Aguilar Flores,3-285-3712,pablo.aguilar136@utp.ac.pa,FISC,Facultad de Ingenieria de Sistemas Computacionales,Licenciatura en Desarrollo de Software,2024,1,80.1,76.6,13,1,0.1129,81.25,4.0,Activo,19.0,Alto Rendimiento,#2ecc71,4,4,0,11.3,81.2,Bajo
UTP-0129,Diego Castillo Cardenas,8-613-3471,diego.castillo129@utp.ac.pa,FACIN,Facultad de Ciencias Naturales y Exactas,Licenciatura en Matematica,2023,5,73.2,83.9,68,10,0.1371,85.0,3.4,Regular,19.8,Alto Rendimiento,#2ecc71,17,16,1,13.7,85.0,Bajo
UTP-0291,Diego Jimenez Medina,11-745-2376,diego.jimenez291@utp.ac.pa,FISC,Facultad de Ingenieria de Sistemas Computacionales,Ingenieria en Sistemas y Computacion,2021,7,46.8,44.0,69,33,0.3345,61.61,3.71,Suspension Academica,49.2,Riesgo Critico,#e74c3c,26,4,22,33.4,61.6,Critico
UTP-0009,Lucia Jimenez Ruiz,3-371-3287,lucia.jimenez009@utp.ac.pa,FACIN,Facultad de Ciencias Naturales y Exactas,Licenciatura en Fisica Aplicada,2021,9,87.3,94.4,127,0,0.0055,88.19,2.11,Activo,7.2,Rendimiento Regular,#3498db,19,19,0,0.5,88.2,Medio
UTP-0071,Alejandro Chavez Ruiz,2-803-4824,alejandro.chavez071@utp.ac.pa,FIEM,Facultad de Ingenieria Mecanica,Ingenieria Mecatronica,2020,9,92.8,98.5,132,11,0.0686,91.67,2.22,Activo,5.1,Rendimiento Regular,#3498db,20,20,0,6.9,91.7,Medio
UTP-0265,Francisco Torres Flores,2-643-1138,francisco.torres265@utp.ac.pa,FIE,Facultad de Ingenieria Electricista,Ingenieria en Telecomunicaciones,2022,5,64.4,57.8,60,13,0.1935,75.0,3.6,En Riesgo,33.9,En Riesgo,#f39c12,18,13,5,19.4,75.0,Alto
UTP-0065,Alejandro Cruz Medina,3-409-1231,alejandro.cruz065@utp.ac.pa,FIIA,Facultad de Ingenieria Industrial y Administrativa,Administracion de Empresas Tecnologicas,2020,9,91.1,89.0,131,5,0.0452,90.97,2.22,Activo,8.6,Rendimiento Regular,#3498db,20,20,0,4.5,91.0,Medio
UTP-0045,Diana Ruiz Lopez,9-355-2988,diana.ruiz045@utp.ac.pa,FISC,Facultad de Ingenieria de Sistemas Computacionales,Licenciatura en Desarrollo de Software,2021,7,84.7,95.9,101,1,0.0124,90.18,3.71,Activo,7.9,Alto Rendimiento,#2ecc71,26,26,0,1.2,90.2,Bajo
UTP-0280,Ana Gomez Cruz,9-147-7568,ana.gomez280@utp.ac.pa,FIE,Facultad de Ingenieria Electricista,Ingenieria Electricista,2024,3,41.0,61.8,21,22,0.4743,43.75,4.0,Suspension Academica,48.8,Riesgo Critico,#e74c3c,12,2,10,47.4,43.8,Critico
UTP-0157,Diana Aguilar Ceballos,2-368-5264,diana.aguilar157@utp.ac.pa,FISC,Facultad de Ingenieria de Sistemas Computacionales,Ingenieria en Sistemas y Computacion,2021,8,74.4,79.6,109,12,0.1062,85.16,3.62,Regular,20.1,Alto Rendimiento,#2ecc71,29,28,1,10.6,85.2,Bajo
UTP-0041,Carlos Vargas Chavez,4-540-6279,carlos.vargas041@utp.ac.pa,FIIA,Facultad de Ingenieria Industrial y Administrativa,Administracion de Empresas Tecnologicas,2023,5,94.0,90.4,67,6,0.0821,83.75,3.4,Activo,7.8,Alto Rendimiento,#2ecc71,17,17,0,8.2,83.8,Bajo
UTP-0124,Andrea Vargas Romero,4-441-3754,andrea.vargas124@utp.ac.pa,FIEM,Facultad de Ingenieria Mecanica,Ingenieria Mecatronica,2024,1,73.1,83.2,11,2,0.1449,68.75,4.0,Regular,20.3,Alto Rendimiento,#2ecc71,4,3,1,14.5,68.8,Bajo
UTP-0276,Fernanda Ramirez Rodriguez,6-926-8034,fernanda.ramirez276@utp.ac.pa,FIE,Facultad de Ingenieria Electricista,Ingenieria Electricista,2022,5,58.2,67.8,40,28,0.4373,50.0,3.6,En Riesgo,38.9,Riesgo Critico,#e74c3c,18,6,12,43.7,50.0,Critico
UTP-0217,Carlos Pimentel Ceballos,7-112-1274,carlos.pimentel217@utp.ac.pa,FISC,Facultad de Ingenieria de Sistemas Computacionales,Licenciatura en Desarrollo de Software,2023,3,61.8,73.6,25,18,0.4279,52.08,4.0,En Riesgo,35.2,En Riesgo,#f39c12,12,9,3,42.8,52.1,Alto
UTP-0154,Ana Gonzalez Jimenez,6-625-3621,ana.gonzalez154@utp.ac.pa,FIIA,Facultad de Ingenieria Industrial y Administrativa,Administracion de Empresas Tecnologicas,2022,7,71.0,94.8,97,11,0.1218,86.61,2.71,Regular,16.5,Rendimiento Regular,#3498db,19,15,4,12.2,86.6,Medio
UTP-0024,Ana Villalba Espino,9-973-9701,ana.villalba024@utp.ac.pa,FIIA,Facultad de Ingenieria Industrial y Administrativa,Ingenieria Industrial,2022,5,86.8,95.4,63,8,0.0861,78.75,3.4,Activo,9.0,Alto Rendimiento,#2ecc71,17,16,1,8.6,78.8,Bajo
UTP-0262,Laura Medina Rivera,1-505-6005,laura.medina262@utp.ac.pa,FIE,Facultad de Ingenieria Electricista,Ingenieria Electricista,2022,6,66.0,72.5,58,38,0.3665,60.42,3.17,En Riesgo,32.4,En Riesgo,#f39c12,19,12,7,36.6,60.4,Alto
UTP-0111,Jorge Sanchez Castillo,7-420-5176,jorge.sanchez111@utp.ac.pa,FIEM,Facultad de Ingenieria Mecanica,Ingenieria Mecatronica,2023,4,76.9,77.6,50,6,0.1238,78.12,4.0,Activo,20.2,Alto Rendimiento,#2ecc71,16,16,0,12.4,78.1,Bajo
UTP-0082,Jorge Romero Caballero,5-940-1042,jorge.romero082@utp.ac.pa,FACIN,Facultad de Ciencias Naturales y Exactas,Licenciatura en Matematica,2020,10,81.3,75.8,128,15,0.1033,80.0,2.0,Activo,18.5,Rendimiento Regular,#3498db,20,19,1,10.3,80.0,Medio
UTP-0208,Jorge Ceballos Barrios,3-497-4978,jorge.ceballos208@utp.ac.pa,FIEM,Facultad de Ingenieria Mecanica,Ingenieria Mecanica,2024,2,65.4,83.1,17,11,0.3876,53.12,4.0,En Riesgo,29.5,En Riesgo,#f39c12,8,7,1,38.8,53.1,Alto
UTP-0213,Carolina Villalba Villalba,12-527-5836,carolina.villalba213@utp.ac.pa,FACIN,Facultad de Ciencias Naturales y Exactas,Licenciatura en Matematica,2020,10,67.1,68.6,114,26,0.1768,71.25,2.0,Regular,28.6,En Riesgo,#f39c12,20,11,9,17.7,71.2,Alto
UTP-0040,Alejandro Ceballos Torres,4-530-7211,alejandro.ceballos040@utp.ac.pa,FIE,Facultad de Ingenieria Electricista,Ingenieria en Telecomunicaciones,2022,6,84.2,98.6,85,6,0.0626,88.54,3.17,Activo,8.4,Alto Rendimiento,#2ecc71,19,19,0,6.3,88.5,Bajo
UTP-0241,Sofia Flores Herrera,5-451-8460,sofia.flores241@utp.ac.pa,FISC,Facultad de Ingenieria de Sistemas Computacionales,Licenciatura en Desarrollo de Software,2023,3,64.5,54.3,38,8,0.1721,79.17,4.0,En Riesgo,34.5,En Riesgo,#f39c12,12,8,4,17.2,79.2,Alto
UTP-0292,Hector Torres Perez,6-225-1699,hector.torres292@utp.ac.pa,FISC,Facultad de Ingenieria de Sistemas Computacionales,Ingenieria en Sistemas y Computacion,2020,9,42.9,51.7,40,84,0.7153,27.78,3.22,Suspension Academica,57.6,Riesgo Critico,#e74c3c,29,3,26,71.5,27.8,Critico
UTP-0259,Sergio Jimenez Reyes,7-944-4470,sergio.jimenez259@utp.ac.pa,FISC,Facultad de Ingenieria de Sistemas Computacionales,Licenciatura en Desarrollo de Software,2022,5,66.1,55.4,57,16,0.2218,71.25,4.0,Regular,34.7,En Riesgo,#f39c12,20,16,4,22.2,71.2,Alto
UTP-0200,Hector Aguilar Aguilar,2-799-9835,hector.aguilar200@utp.ac.pa,FACIN,Facultad de Ciencias Naturales y Exactas,Licenciatura en Fisica Aplicada,2022,6,58.1,64.4,57,34,0.3102,59.38,3.0,En Riesgo,37.0,En Riesgo,#f39c12,18,8,10,31.0,59.4,Alto
UTP-0015,Lucia Gonzalez Pimentel,3-231-8787,lucia.gonzalez015@utp.ac.pa,FIIA,Facultad de Ingenieria Industrial y Administrativa,Ingenieria Industrial,2020,10,89.4,92.8,158,0,0.0,98.75,2.1,Activo,6.8,Rendimiento Regular,#3498db,21,21,0,0.0,98.8,Medio
UTP-0048,Andres Aguilar Flores,12-319-2052,andres.aguilar048@utp.ac.pa,FIIA,Facultad de Ingenieria Industrial y Administrativa,Ingenieria Industrial,2021,7,96.5,87.6,97,4,0.0455,86.61,2.71,Activo,6.9,Rendimiento Regular,#3498db,19,19,0,4.6,86.6,Medio
UTP-0095,Luis Villalba Medina,12-234-2476,luis.villalba095@utp.ac.pa,FACIN,Facultad de Ciencias Naturales y Exactas,Licenciatura en Matematica,2022,6,84.9,75.6,73,20,0.2267,76.04,3.0,Activo,20.2,Rendimiento Regular,#3498db,18,18,0,22.7,76.0,Medio
UTP-0264,Pedro Espino Gonzalez,4-492-2463,pedro.espino264@utp.ac.pa,FISC,Facultad de Ingenieria de Sistemas Computacionales,Licenciatura en Desarrollo de Software,2020,10,54.7,71.4,107,39,0.2966,66.88,3.0,En Riesgo,35.5,En Riesgo,#f39c12,30,9,21,29.7,66.9,Alto
UTP-0228,Juan Torres Perez,3-541-8353,juan.torres228@utp.ac.pa,FIE,Facultad de Ingenieria Electricista,Ingenieria en Telecomunicaciones,2022,6,57.4,63.8,61,30,0.3191,63.54,3.17,En Riesgo,37.7,En Riesgo,#f39c12,19,6,13,31.9,63.5,Alto
UTP-0274,Monica Ramirez Ruiz,10-723-1901,monica.ramirez274@utp.ac.pa,FIC,Facultad de Ingenieria Civil,Ingenieria Civil,2021,7,55.5,46.8,33,82,0.6691,29.46,2.86,Suspension Academica,53.2,Riesgo Critico,#e74c3c,20,6,14,66.9,29.5,Critico
UTP-0202,Andres Morales Ruiz,6-258-5516,andres.morales202@utp.ac.pa,FACIN,Facultad de Ciencias Naturales y Exactas,Licenciatura en Fisica Aplicada,2024,2,69.8,71.3,16,15,0.4301,50.0,4.0,En Riesgo,32.9,En Riesgo,#f39c12,8,8,0,43.0,50.0,Alto
UTP-0162,Diana Herrera Torres,9-755-3981,diana.herrera162@utp.ac.pa,FIE,Facultad de Ingenieria Electricista,Ingenieria Electricista,2023,4,78.0,78.5,58,2,0.0489,90.62,4.0,Activo,17.6,Alto Rendimiento,#2ecc71,16,15,1,4.9,90.6,Bajo
UTP-0044,Andrea Morales Flores,11-804-1090,andrea.morales044@utp.ac.pa,FIIA,Facultad de Ingenieria Industrial y Administrativa,Ingenieria Industrial,2023,4,87.5,87.8,60,3,0.0421,93.75,4.0,Activo,10.3,Alto Rendimiento,#2ecc71,16,16,0,4.2,93.8,Bajo
UTP-0218,Monica Gomez Sanchez,2-636-3439,monica.gomez218@utp.ac.pa,FIE,Facultad de Ingenieria Electricista,Ingenieria Electricista,2024,3,68.6,65.8,34,9,0.1915,70.83,4.0,Regular,29.3,En Riesgo,#f39c12,12,10,2,19.2,70.8,Alto
UTP-0146,Jose Barrios Pimentel,9-905-9316,jose.barrios146@utp.ac.pa,FACIN,Facultad de Ciencias Naturales y Exactas,Licenciatura en Matematica,2024,2,77.4,92.8,28,1,0.051,87.5,4.0,Activo,12.9,Alto Rendimiento,#2ecc71,8,8,0,5.1,87.5,Bajo
UTP-0191,Laura Jimenez Sanchez,3-243-8822,laura.jimenez191@utp.ac.pa,FIEM,Facultad de Ingenieria Mecanica,Ingenieria Mecatronica,2024,2,77.1,93.1,24,3,0.1363,75.0,4.0,Activo,15.0,Alto Rendimiento,#2ecc71,8,8,0,13.6,75.0,Bajo
UTP-0221,Isabella Montenegro Sanchez,9-143-4764,isabella.montenegro221@utp.ac.pa,FISC,Facultad de Ingenieria de Sistemas Computacionales,Licenciatura en Desarrollo de Software,2023,5,60.1,63.6,50,25,0.2774,62.5,4.0,En Riesgo,35.6,En Riesgo,#f39c12,20,10,10,27.7,62.5,Alto
UTP-0252,Sofia Montenegro Ramirez,5-893-9898,sofia.montenegro252@utp.ac.pa,FIEM,Facultad de Ingenieria Mecanica,Ingenieria Mecatronica,2024,3,68.3,60.4,23,22,0.4906,47.92,4.0,Suspension Academica,38.8,Riesgo Critico,#e74c3c,12,9,3,49.1,47.9,Critico
UTP-0004,Juan Herrera Herrera,10-370-1711,juan.herrera004@utp.ac.pa,FIE,Facultad de Ingenieria Electricista,Ingenieria Electricista,2020,10,92.7,92.2,149,4,0.026,93.12,2.2,Activo,6.3,Rendimiento Regular,#3498db,22,22,0,2.6,93.1,Medio
UTP-0106,Daniela Villalba Castillo,1-278-5347,daniela.villalba106@utp.ac.pa,FISC,Facultad de Ingenieria de Sistemas Computacionales,Ingenieria en Sistemas y Computacion,2020,10,77.1,87.1,122,18,0.1045,76.25,3.0,Activo,16.3,Rendimiento Regular,#3498db,30,29,1,10.4,76.2,Medio
UTP-0054,Melissa Flores Morales,3-584-2874,melissa.flores054@utp.ac.pa,FISC,Facultad de Ingenieria de Sistemas Computacionales,Ingenieria en Sistemas y Computacion,2021,7,93.3,90.1,98,6,0.0636,87.5,3.71,Activo,7.7,Alto Rendimiento,#2ecc71,26,26,0,6.4,87.5,Bajo
UTP-0134,Natalia Rodriguez Medina,5-284-4509,natalia.rodriguez134@utp.ac.pa,FACIN,Facultad de Ciencias Naturales y Exactas,Licenciatura en Matematica,2023,5,83.2,73.4,65,7,0.09,81.25,3.4,Activo,18.3,Alto Rendimiento,#2ecc71,17,17,0,9.0,81.2,Bajo
UTP-0002,Laura Reyes Cruz,9-716-1434,laura.reyes002@utp.ac.pa,FISC,Facultad de Ingenieria de Sistemas Computacionales,Licenciatura en Desarrollo de Software,2020,9,97.6,93.1,130,5,0.033,90.28,3.22,Activo,4.2,Alto Rendimiento,#2ecc71,29,29,0,3.3,90.3,Bajo
UTP-0132,Pablo Flores Romero,2-696-3317,pablo.flores132@utp.ac.pa,FACIN,Facultad de Ciencias Naturales y Exactas,Licenciatura en Fisica Aplicada,2022,6,86.2,90.1,85,8,0.0965,88.54,3.0,Activo,11.4,Rendimiento Regular,#3498db,18,18,0,9.6,88.5,Medio
UTP-0104,Pedro Montenegro Reyes,2-949-4394,pedro.montenegro104@utp.ac.pa,FISC,Facultad de Ingenieria de Sistemas Computacionales,Ingenieria en Sistemas y Computacion,2022,5,76.0,81.7,61,15,0.1749,76.25,4.0,Activo,20.4,Alto Rendimiento,#2ecc71,20,17,3,17.5,76.2,Bajo
UTP-0050,Sergio Cardenas Cruz,8-324-5471,sergio.cardenas050@utp.ac.pa,FIE,Facultad de Ingenieria Electricista,Ingenieria en Telecomunicaciones,2023,5,83.4,96.1,69,3,0.0489,86.25,3.6,Activo,9.2,Alto Rendimiento,#2ecc71,18,18,0,4.9,86.2,Bajo
UTP-0081,Manuel Morales Ruiz,9-248-7284,manuel.morales081@utp.ac.pa,FIIA,Facultad de Ingenieria Industrial y Administrativa,Administracion de Empresas Tecnologicas,2023,4,73.0,82.3,48,9,0.1452,75.0,4.0,Regular,20.6,Alto Rendimiento,#2ecc71,16,13,3,14.5,75.0,Bajo
UTP-0206,Lucia Lopez Herrera,11-787-7244,lucia.lopez206@utp.ac.pa,FISC,Facultad de Ingenieria de Sistemas Computacionales,Ingenieria en Sistemas y Computacion,2023,5,63.6,68.9,51,25,0.3381,63.75,4.0,En Riesgo,33.9,En Riesgo,#f39c12,20,10,10,33.8,63.8,Alto
UTP-0035,Andres Diaz Ruiz,6-412-4728,andres.diaz035@utp.ac.pa,FISC,Facultad de Ingenieria de Sistemas Computacionales,Licenciatura en Desarrollo de Software,2020,10,88.3,90.8,136,5,0.0352,85.0,3.0,Activo,8.8,Rendimiento Regular,#3498db,30,30,0,3.5,85.0,Medio
UTP-0092,Ricardo Ruiz Vargas,4-493-8916,ricardo.ruiz092@utp.ac.pa,FIIA,Facultad de Ingenieria Industrial y Administrativa,Administracion de Empresas Tecnologicas,2023,5,77.0,77.1,59,10,0.1431,73.75,3.4,Activo,20.8,Alto Rendimiento,#2ecc71,17,15,2,14.3,73.8,Bajo
UTP-0053,Maria Pimentel Lopez,6-329-2124,maria.pimentel053@utp.ac.pa,FIEM,Facultad de Ingenieria Mecanica,Ingenieria Mecatronica,2020,10,99.3,95.9,154,0,0.0043,96.25,2.1,Activo,1.8,Rendimiento Regular,#3498db,21,21,0,0.4,96.2,Medio
UTP-0242,Hector Castillo Gonzalez,5-145-2885,hector.castillo242@utp.ac.pa,FIE,Facultad de Ingenieria Electricista,Ingenieria en Telecomunicaciones,2020,10,66.7,69.4,100,39,0.2653,62.5,2.2,En Riesgo,30.7,En Riesgo,#f39c12,22,10,12,26.5,62.5,Alto
UTP-0014,Lucia Rodriguez Ramirez,6-999-6038,lucia.rodriguez014@utp.ac.pa,FIIA,Facultad de Ingenieria Industrial y Administrativa,Ingenieria Industrial,2024,2,91.0,97.0,27,1,0.0451,84.38,4.0,Activo,5.8,Alto Rendimiento,#2ecc71,8,8,0,4.5,84.4,Bajo
UTP-0089,Alejandro Herrera Medina,7-249-5000,alejandro.herrera089@utp.ac.pa,FISC,Facultad de Ingenieria de Sistemas Computacionales,Ingenieria en Sistemas y Computacion,2022,5,75.7,75.5,59,16,0.2016,73.75,4.0,Activo,23.3,Alto Rendimiento,#2ecc71,20,19,1,20.2,73.8,Bajo
UTP-0167,Patricia Gonzalez Lopez,3-550-7809,patricia.gonzalez167@utp.ac.pa,FIEM,Facultad de Ingenieria Mecanica,Ingenieria Mecanica,2023,4,72.6,74.7,49,9,0.1663,76.56,4.0,Regular,24.0,Alto Rendimiento,#2ecc71,16,14,2,16.6,76.6,Bajo
UTP-0295,Pedro Moreno Diaz,11-916-9614,pedro.moreno295@utp.ac.pa,FISC,Facultad de Ingenieria de Sistemas Computacionales,Ingenieria en Sistemas y Computacion,2022,6,44.6,62.4,35,66,0.5818,36.46,4.0,Suspension Academica,49.9,Riesgo Critico,#e74c3c,24,1,23,58.2,36.5,Critico
UTP-0135,Jose Chavez Sanchez,9-889-9843,jose.chavez135@utp.ac.pa,FIC,Facultad de Ingenieria Civil,Ingenieria Civil,2021,7,77.0,83.3,98,12,0.0975,87.5,2.86,Activo,17.5,Rendimiento Regular,#3498db,20,20,0,9.8,87.5,Medio
UTP-0288,Ricardo Ramirez Perez,3-926-5984,ricardo.ramirez288@utp.ac.pa,FIC,Facultad de Ingenieria Civil,Licenciatura en Topografia,2022,6,37.4,67.5,26,74,0.7155,27.08,3.17,Suspension Academica,54.3,Riesgo Critico,#e74c3c,19,0,19,71.6,27.1,Critico
UTP-0244,Monica Jimenez Rodriguez,12-728-4232,monica.jimenez244@utp.ac.pa,FIEM,Facultad de Ingenieria Mecanica,Ingenieria Mecanica,2021,9,59.1,69.6,105,28,0.2017,72.92,2.22,En Riesgo,32.0,En Riesgo,#f39c12,20,9,11,20.2,72.9,Alto
UTP-0055,Pablo Cardenas Ramirez,3-418-2771,pablo.cardenas055@utp.ac.pa,FACIN,Facultad de Ciencias Naturales y Exactas,Licenciatura en Fisica Aplicada,2022,5,95.8,90.7,69,6,0.0689,86.25,3.4,Activo,6.6,Alto Rendimiento,#2ecc71,17,17,0,6.9,86.2,Bajo
UTP-0051,Pedro Solis Pimentel,1-503-1444,pedro.solis051@utp.ac.pa,FIE,Facultad de Ingenieria Electricista,Ingenieria en Telecomunicaciones,2021,8,91.2,95.4,108,2,0.0196,84.38,2.62,Activo,5.6,Rendimiento Regular,#3498db,21,21,0,2.0,84.4,Medio
UTP-0175,Pedro Romero Espino,9-567-3440,pedro.romero175@utp.ac.pa,FIIA,Facultad de Ingenieria Industrial y Administrativa,Ingenieria Industrial,2020,9,73.7,86.4,124,11,0.0818,86.11,2.22,Regular,17.3,Rendimiento Regular,#3498db,20,19,1,8.2,86.1,Medio
UTP-0190,Isabella Chavez Montenegro,11-875-4164,isabella.chavez190@utp.ac.pa,FACIN,Facultad de Ciencias Naturales y Exactas,Licenciatura en Matematica,2020,10,72.0,71.8,125,18,0.1024,78.12,2.0,Regular,23.7,Rendimiento Regular,#3498db,20,18,2,10.2,78.1,Medio
UTP-0299,Roberto Villalba Rodriguez,12-817-6761,roberto.villalba299@utp.ac.pa,FIEM,Facultad de Ingenieria Mecanica,Ingenieria Mecatronica,2021,7,57.7,58.5,57,55,0.4799,50.89,2.71,Suspension Academica,43.5,Riesgo Critico,#e74c3c,19,5,14,48.0,50.9,Critico
UTP-0188,Valeria Chavez Martinez,1-405-2758,valeria.chavez188@utp.ac.pa,FIC,Facultad de Ingenieria Civil,Ingenieria Civil,2023,4,87.4,88.2,56,6,0.1037,87.5,4.0,Activo,11.8,Alto Rendimiento,#2ecc71,16,16,0,10.4,87.5,Bajo
UTP-0170,Fernando Castillo Diaz,3-610-9433,fernando.castillo170@utp.ac.pa,FIEM,Facultad de Ingenieria Mecanica,Ingenieria Mecanica,2021,8,72.7,83.3,108,11,0.0785,84.38,2.5,Regular,18.7,Rendimiento Regular,#3498db,20,17,3,7.8,84.4,Medio
UTP-0059,Adriana Gutierrez Castillo,4-950-2419,adriana.gutierrez059@utp.ac.pa,FIIA,Facultad de Ingenieria Industrial y Administrativa,Administracion de Empresas Tecnologicas,2023,4,91.4,97.3,54,2,0.0404,84.38,4.0,Activo,5.4,Alto Rendimiento,#2ecc71,16,16,0,4.0,84.4,Bajo
UTP-0049,Jorge Aguilar Villalba,12-120-7232,jorge.aguilar049@utp.ac.pa,FIEM,Facultad de Ingenieria Mecanica,Ingenieria Mecatronica,2020,9,91.3,97.1,132,0,0.0029,91.67,2.22,Activo,4.6,Rendimiento Regular,#3498db,20,20,0,0.3,91.7,Medio
UTP-0236,Jose Moreno Aparicio,3-748-5961,jose.moreno236@utp.ac.pa,FACIN,Facultad de Ciencias Naturales y Exactas,Licenciatura en Matematica,2023,4,66.0,57.8,32,28,0.4204,50.0,3.75,En Riesgo,38.9,Riesgo Critico,#e74c3c,15,8,7,42.0,50.0,Critico
UTP-0253,Monica Sanchez Morales,5-995-1528,monica.sanchez253@utp.ac.pa,FISC,Facultad de Ingenieria de Sistemas Computacionales,Licenciatura en Desarrollo de Software,2024,1,65.5,69.5,11,3,0.2113,68.75,4.0,Regular,29.8,En Riesgo,#f39c12,4,3,1,21.1,68.8,Alto
UTP-0022,Manuel Reyes Jimenez,1-268-7209,manuel.reyes022@utp.ac.pa,FIC,Facultad de Ingenieria Civil,Ingenieria Civil,2023,4,84.0,97.2,50,4,0.0807,78.12,4.0,Activo,9.4,Alto Rendimiento,#2ecc71,16,16,0,8.1,78.1,Bajo
UTP-0161,Andrea Espino Barrios,7-887-7708,andrea.espino161@utp.ac.pa,FIC,Facultad de Ingenieria Civil,Ingenieria Civil,2020,10,76.4,77.3,149,5,0.0397,93.12,2.2,Activo,18.4,Rendimiento Regular,#3498db,22,19,3,4.0,93.1,Medio
UTP-0277,Rafael Medina Lopez,8-979-3734,rafael.medina277@utp.ac.pa,FACIN,Facultad de Ciencias Naturales y Exactas,Licenciatura en Matematica,2023,4,45.1,49.2,38,19,0.3387,59.38,3.75,Suspension Academica,48.2,Riesgo Critico,#e74c3c,15,1,14,33.9,59.4,Critico
UTP-0192,Fernanda Romero Vargas,10-840-1187,fernanda.romero192@utp.ac.pa,FIE,Facultad de Ingenieria Electricista,Ingenieria en Telecomunicaciones,2021,8,75.9,88.0,112,1,0.0094,87.5,2.62,Activo,14.1,Rendimiento Regular,#3498db,21,17,4,0.9,87.5,Medio
UTP-0258,Fernanda Medina Ruiz,8-435-1040,fernanda.medina258@utp.ac.pa,FISC,Facultad de Ingenieria de Sistemas Computacionales,Ingenieria en Sistemas y Computacion,2023,5,60.2,73.1,50,32,0.3578,62.5,4.0,En Riesgo,34.3,En Riesgo,#f39c12,20,8,12,35.8,62.5,Alto
UTP-0150,Ricardo Martinez Diaz,5-465-1783,ricardo.martinez150@utp.ac.pa,FIE,Facultad de Ingenieria Electricista,Ingenieria en Telecomunicaciones,2024,2,72.3,79.9,29,2,0.067,90.62,4.0,Regular,19.8,Alto Rendimiento,#2ecc71,8,6,2,6.7,90.6,Bajo
UTP-0131,Jorge Romero Cardenas,1-908-6482,jorge.romero131@utp.ac.pa,FIE,Facultad de Ingenieria Electricista,Ingenieria en Telecomunicaciones,2022,6,72.5,86.0,78,4,0.054,81.25,3.17,Regular,17.3,Alto Rendimiento,#2ecc71,19,17,2,5.4,81.2,Bajo
UTP-0152,Monica Cardenas Gomez,9-400-6262,monica.cardenas152@utp.ac.pa,FIE,Facultad de Ingenieria Electricista,Ingenieria Electricista,2023,3,79.5,79.8,38,3,0.0804,79.17,4.0,Activo,17.3,Alto Rendimiento,#2ecc71,12,11,1,8.0,79.2,Bajo
UTP-0100,Pedro Martinez Martinez,5-604-2902,pedro.martinez100@utp.ac.pa,FIEM,Facultad de Ingenieria Mecanica,Ingenieria Mecatronica,2023,3,78.5,87.9,35,8,0.1515,72.92,4.0,Activo,16.6,Alto Rendimiento,#2ecc71,12,12,0,15.2,72.9,Bajo
UTP-0088,Laura Munoz Sanchez,11-820-2646,laura.munoz088@utp.ac.pa,FISC,Facultad de Ingenieria de Sistemas Computacionales,Ingenieria en Sistemas y Computacion,2022,5,76.7,63.6,68,5,0.0688,85.0,4.0,Activo,23.8,Alto Rendimiento,#2ecc71,20,19,1,6.9,85.0,Bajo
UTP-0215,Sergio Aparicio Gomez,9-757-1962,sergio.aparicio215@utp.ac.pa,FIE,Facultad de Ingenieria Electricista,Ingenieria Electricista,2021,9,61.7,56.0,98,42,0.2603,68.06,2.33,En Riesgo,37.2,En Riesgo,#f39c12,21,15,6,26.0,68.1,Alto
UTP-0122,Jose Castillo Montenegro,7-687-7626,jose.castillo122@utp.ac.pa,FISC,Facultad de Ingenieria de Sistemas Computacionales,Licenciatura en Desarrollo de Software,2020,10,79.0,87.1,137,15,0.0999,85.62,3.0,Activo,15.4,Rendimiento Regular,#3498db,30,28,2,10.0,85.6,Medio
UTP-0300,Paola Gomez Aparicio,1-192-1920,paola.gomez300@utp.ac.pa,FIIA,Facultad de Ingenieria Industrial y Administrativa,Ingenieria Industrial,2023,5,49.0,64.1,42,28,0.402,52.5,3.4,Suspension Academica,43.0,Riesgo Critico,#e74c3c,17,2,15,40.2,52.5,Critico
UTP-0021,Jose Alvarado Ceballos,2-151-9856,jose.alvarado021@utp.ac.pa,FIC,Facultad de Ingenieria Civil,Licenciatura en Topografia,2023,3,87.6,93.3,46,0,0.0068,95.83,4.0,Activo,7.5,Alto Rendimiento,#2ecc71,12,12,0,0.7,95.8,Bajo
UTP-0189,Patricia Gutierrez Diaz,2-438-3662,patricia.gutierrez189@utp.ac.pa,FIEM,Facultad de Ingenieria Mecanica,Ingenieria Mecatronica,2021,9,83.0,80.6,135,2,0.0181,93.75,2.22,Activo,14.1,Rendimiento Regular,#3498db,20,20,0,1.8,93.8,Medio
UTP-0072,Sergio Cruz Flores,5-946-3330,sergio.cruz072@utp.ac.pa,FACIN,Facultad de Ciencias Naturales y Exactas,Licenciatura en Matematica,2023,3,93.3,92.7,38,2,0.0628,79.17,4.0,Activo,6.8,Alto Rendimiento,#2ecc71,12,12,0,6.3,79.2,Bajo
UTP-0107,Hector Medina Caballero,10-211-8405,hector.medina107@utp.ac.pa,FIIA,Facultad de Ingenieria Industrial y Administrativa,Ingenieria Industrial,2020,10,78.6,82.2,129,23,0.1248,80.62,2.1,Activo,17.9,Rendimiento Regular,#3498db,21,21,0,12.5,80.6,Medio
UTP-0271,Carlos Ortiz Reyes,1-161-7520,carlos.ortiz271@utp.ac.pa,FISC,Facultad de Ingenieria de Sistemas Computacionales,Ingenieria en Sistemas y Computacion,2024,1,46.7,47.6,4,11,0.6736,25.0,4.0,Suspension Academica,56.5,Riesgo Critico,#e74c3c,4,0,4,67.4,25.0,Critico
UTP-0103,Fernanda Diaz Ramirez,8-193-4475,fernanda.diaz103@utp.ac.pa,FIIA,Facultad de Ingenieria Industrial y Administrativa,Administracion de Empresas Tecnologicas,2020,10,83.4,79.4,129,24,0.1474,80.62,2.1,Activo,17.5,Rendimiento Regular,#3498db,21,21,0,14.7,80.6,Medio
